開講番号,分野1,分野2,分野3,水準,科目名,単位,開講時期,代表教員,代表教員の所属,定員,主聴講対象学部等,遠隔授業科目,曜日,時限,授業形態
250G0001,70,,,4,IELTS PreparationⅠ,2,第1 ， 2ターム,G. ディック,非常勤講師,25,全学部,,水,5,演習
250G0002,70,,,4,IELTS PreparationⅡ,2,第1 ， 2ターム,G. ディック,非常勤講師,25,全学部,,木,5,演習
250G0015,70,,,4,TOEFL iBT PreparationⅠ,2,第1 ， 2ターム,P. ライリー,非常勤講師,25,全学部,,金,2,演習
250G0016,70,,,4,TOEFL iBT PreparationⅡ,2,第1 ， 2ターム,G. ケント,非常勤講師,25,全学部,,火,5,演習
250G0017,70,,,03,アカデミック英語入門L,1,第1 ， 2ターム,G. ケント,非常勤講師,40,全学部（再履修用）,,水,2,演習
250G0018,70,,,03,アカデミック英語入門L,1,第1 ， 2ターム,L. レイサム,非常勤講師,40,全学部（再履修用）,イ,月,4,演習
250G0019,70,,,03,アカデミック英語入門L,1,第1 ， 2ターム,P. ライリー,非常勤講師,40,全学部（再履修用）,,月,5,演習
250G0020,70,,,03,アカデミック英語入門L,1,第1 ， 2ターム,G. ケント,非常勤講師,40,全学部（再履修用）,,木,5,演習
250G0021,70,,,03,アカデミック英語入門L,1,第1 ， 2ターム,G. ディック,非常勤講師,40,全学部（再履修用）,,火,3,演習
250G0022,70,,,03,アカデミック英語入門R,1,第1 ， 2ターム,山崎 祥子,非常勤講師,40,全学部（再履修用）,,水,2,演習
250G0023,70,,,03,アカデミック英語入門R,1,第1 ， 2ターム,本間 多香子,非常勤講師,40,全学部（再履修用）,,月,2,演習
250G0024,70,,,03,アカデミック英語入門R,1,第1 ， 2ターム,山崎 祥子,非常勤講師,40,全学部（再履修用）,,木,3,演習
250G0025,70,,,03,アカデミック英語入門R,1,第1 ， 2ターム,太田 正之,非常勤講師,40,全学部（再履修用）,,月,3,演習
250G0026,70,,,03,アカデミック英語入門R,1,第1 ， 2ターム,江畑 冬生,人文社会科学系（ 人文学部）,40,全学部（再履修用）,,木,5,演習
250G0027,70,,,03,実践コミュニケーション英語Ⅰ,1,第1 ， 2ターム,P. ライリー,非常勤講師,30,医学部（医学科）,,金,1,演習
250G0028,70,,,03,実践コミュニケーション英語Ⅰ,1,第1 ， 2ターム,G. ディック,非常勤講師,30,医学部（医学科）,,金,1,演習
250G0029,70,,,03,実践コミュニケーション英語Ⅰ,1,第1 ， 2ターム,G. トゥーミー,非常勤講師,30,医学部（医学科）,,金,1,演習
250G0030,70,,,03,実践コミュニケーション英語Ⅰ,1,第1 ， 2ターム,J. フィコー,非常勤講師,30,医学部（医学科）,,金,1,演習
250G0031,70,,,03,実践コミュニケーション英語Ⅰ,1,第1 ， 2ターム,G. ケント,非常勤講師,30,医学部（医学科）,,金,1,演習
250G0032,70,,,5,上 級E A P（L is t e n i n g & Speaking）,2,第1 ， 2ターム,C. 金子,国際交流センター,25,全学部 2 年以上,,水,2,演習
250G0033,70,,,5,上級EAP（Reading）,2,第1 ， 2ターム,M. ルディック,国際交流センター,25,全学部 2 年以上,,火,4,演習
250G0034,70,,,5,上級EAP（Writing）,2,第1 ， 2ターム,G. オニール,国際交流センター,25,全学部 2 年以上,,木,4,演習
250G0035,70,,,5,上級コミュニカティブ英語,2,第1 ， 2ターム,M. スーマ,非常勤講師,15,全学部,イ,月,1,演習
250G0036,70,,,5,上級コミュニカティブ英語,2,第1 ， 2ターム,L. レイサム,非常勤講師,15,全学部,,火,2,演習
250G0037,70,,,5,上級コミュニカティブ英語,2,第1 ， 2ターム,S. ドルカ,非常勤講師,15,全学部,,火,3,演習
250G0038,70,,,5,上級コミュニカティブ英語,2,第1 ， 2ターム,G. トゥーミー,非常勤講師,15,全学部,,木,4,演習
250G0039,70,,,5,上級コミュニカティブ英語,2,第1 ， 2ターム,G. デロシェ,非常勤講師,15,全学部,,金,3,演習
250G0040,70,,,4,中級CALL（留学準備）,2,第1 ， 2ターム,ハドリー 浩美,国際交流センター,40,全学部,イ,火,3,演習
250G0041,70,,,4,中 級E A P（L is t e n i n g & Speaking）,2,第1 ， 2ターム,C. 金子,国際交流センター,25,全学部 2 年以上,,水,3,演習
250G0049,70,,,4,中級EAP（Reading）,2,第1 ， 2ターム,C. 金子,国際交流センター,25,全学部 2 年以上,,木,1,演習
250G0052,70,,,03,医療英語（看護）,2,第1 ， 2ターム,小山 諭・他,医歯学系（ 医学部保健学科）,80,医学部（保健学科看護学専攻） 2 年,,月,2,演習
250G0053,70,,,4,医療英語（検査）,2,第1 ， 2ターム,池主 雅臣・他,医歯学系（ 医学部保健学科）,45,医学部保健学科検査技術科学専攻 4 年,,火,5,演習
250G0054,70,,,4,医療英語（放射）,2,第1 ， 2ターム,齋藤 正敏・他,医歯学系（ 医学部保健学科）,40,医学部保健学科放射線技術科学専攻 4 年,,金,5,演習
250G0055,70,,,4,英語表現セミナーA,2,第1 ， 2ターム,G. ディック,非常勤講師,20,人文学部（優先）・他／ 2年以上,,水,4,演習
250G0056,70,,,4,英語表現セミナーB,2,第1 ， 2ターム,I. ガラオン青木,非常勤講師,20,人文学部（優先）・他／ 2年以上,,水,3,演習
250G0057,70,,,03,英語表現セミナーC,2,第1 ， 2ターム,I. ガラオン青木,非常勤講師,20,人文学部（優先）・他／ 2年以上,,水,4,演習
250G0058,70,,,4,実践英語セミナー,2,第1 ， 2ターム,ハドリー 浩美,国際交流センター,30,人文学部（優先）・他／ 2年以上,,水,3,演習
250G0060,70,,,4,中級コミュニカティブ英語,2,第1 ， 2ターム,M. スーマ,非常勤講師,20,全学部,イ,月,2,演習
250G0061,70,,,4,中級コミュニカティブ英語,2,第1 ， 2ターム,M. スーマ,非常勤講師,20,全学部,イ,月,3,演習
250G0062,70,,,4,中級コミュニカティブ英語,2,第1 ， 2ターム,L. レイサム,非常勤講師,20,全学部,イ,月,5,演習
250G0063,70,,,4,中級コミュニカティブ英語,2,第1 ， 2ターム,M. スーマ,非常勤講師,20,全学部,イ,月,4,演習
250G0064,70,,,4,中級コミュニカティブ英語,2,第1 ， 2ターム,P. ライリー,非常勤講師,20,全学部,,月,4,演習
250G0065,70,,,4,中級コミュニカティブ英語,2,第1 ， 2ターム,J. フィコー,非常勤講師,20,全学部,,火,4,演習
250G0535,70,,,03,アカデミック英語入門L,1,第 3 ，4 ターム,G. デロシェ,非常勤講師,40,経済科学部,,木,4,演習
250G0536,70,,,03,アカデミック英語入門L,1,第 3 ，4 ターム,J. フィコー,非常勤講師,40,経済科学部,,木,4,演習
250G0537,70,,,03,アカデミック英語入門L,1,第 3 ，4 ターム,I. ガラオン青木,非常勤講師,40,医学部（保健学科）,,月,1,演習
250G0538,70,,,03,アカデミック英語入門L,1,第 3 ，4 ターム,J. フィコー,非常勤講師,40,医学部（保健学科）,,月,1,演習
250G0539,70,,,03,アカデミック英語入門L,1,第 3 ，4 ターム,G. ケント,非常勤講師,40,医学部（保健学科）,,月,1,演習
250G0540,70,,,03,アカデミック英語入門L,1,第 3 ，4 ターム,G. アオキ,非常勤講師,40,医学部（保健学科）,,月,1,演習
250G0541,70,,,03,アカデミック英語入門L,1,第 3 ，4 ターム,J. フィコー,非常勤講師,40,歯学部,,木,1,演習
250G0542,70,,,03,アカデミック英語入門L,1,第 3 ，4 ターム,S. ドルカ,非常勤講師,40,歯学部,,木,1,演習
250G0543,70,,,03,アカデミック英語入門L,1,第 3 ，4 ターム,G. アオキ,非常勤講師,40,理学部,,火,1,演習
250G0544,70,,,03,アカデミック英語入門L,1,第 3 ，4 ターム,I. ガラオン青木,非常勤講師,40,理学部,,火,1,演習
250G0545,70,,,03,アカデミック英語入門L,1,第 3 ，4 ターム,C. 金子,国際交流センター,40,理学部,,火,1,演習
250G0546,70,,,03,アカデミック英語入門L,1,第 3 ，4 ターム,G. ケント,非常勤講師,40,理学部,,火,1,演習
250G0547,70,,,03,アカデミック英語入門L,1,第 3 ，4 ターム,H. ダービシャー,非常勤講師,40,理学部,,火,1,演習
250G0548,70,,,03,アカデミック英語入門L,1,第 3 ，4 ターム,G. アオキ,非常勤講師,40,工学部（力学・化学材料）,,月,2,演習
250G0549,70,,,03,アカデミック英語入門L,1,第 3 ，4 ターム,G. ケント,非常勤講師,40,工学部（力学・化学材料）,,月,2,演習
250G0550,70,,,03,アカデミック英語入門L,1,第 3 ，4 ターム,G. デロシェ,非常勤講師,40,工学部（力学・化学材料）,,月,2,演習
250G0551,70,,,03,アカデミック英語入門L,1,第 3 ，4 ターム,G. トゥーミー,非常勤講師,40,工学部（力学・化学材料）,,月,2,演習
250G0552,70,,,03,アカデミック英語入門L,1,第 3 ，4 ターム,I. ガラオン青木,非常勤講師,40,工学部（力学・化学材料）,,月,2,演習
250G0553,70,,,03,アカデミック英語入門L,1,第 3 ，4 ターム,J. フィコー,非常勤講師,40,工学部（力学・化学材料）,,月,2,演習
250G0554,70,,,03,アカデミック英語入門L,1,第 3 ，4 ターム,H. ダービシャー,非常勤講師,40,工学部（力学・化学材料）,,月,2,演習
250G0555,70,,,03,アカデミック英語入門L,1,第 3 ，4 ターム,G. ケント,非常勤講師,40,工学部（情報電子・建築）,,火,5,演習
250G0556,70,,,03,アカデミック英語入門L,1,第 3 ，4 ターム,B. ムリノス,非常勤講師,40,工学部（情報電子・建築）,,火,5,演習
250G0557,70,,,03,アカデミック英語入門L,1,第 3 ，4 ターム,I. ガラオン青木,非常勤講師,40,工学部（情報電子・建築）,,火,5,演習
250G0558,70,,,03,アカデミック英語入門L,1,第 3 ，4 ターム,J. フィコー,非常勤講師,40,工学部（情報電子・建築）,,火,5,演習
250G0559,70,,,03,アカデミック英語入門L,1,第 3 ，4 ターム,H. ダービシャー,非常勤講師,40,工学部（情報電子・建築）,,火,5,演習
250G0560,70,,,03,アカデミック英語入門L,1,第 3 ，4 ターム,キム・ジュニアン,人文社会科学系（ 経済科学部）,40,工学部（融合）,,火,5,演習
250G0561,70,,,03,アカデミック英語入門L,1,第 3 ，4 ターム,S. ドルカ,非常勤講師,40,工学部（融合）,,火,5,演習
250G0562,70,,,03,アカデミック英語入門L,1,第 3 ，4 ターム,S. ドルカ,非常勤講師,40,農学部,,火,4,演習
250G0563,70,,,03,アカデミック英語入門L,1,第 3 ，4 ターム,G. ケント,非常勤講師,40,農学部,,火,4,演習
250G0564,70,,,03,アカデミック英語入門L,1,第 3 ，4 ターム,G. ディック,非常勤講師,40,農学部,,火,4,演習
250G0565,70,,,03,アカデミック英語入門L,1,第 3 ，4 ターム,B. ムリノス,非常勤講師,40,農学部,,火,4,演習
250G0566,70,,,03,アカデミック英語入門L,1,第 3 ，4 ターム,G. ケント,非常勤講師,40,創生学部,,木,1,演習
250G0567,70,,,03,アカデミック英語入門L,1,第 3 ，4 ターム,I. ガラオン青木,非常勤講師,40,創生学部,,木,1,演習
250G0568,70,,,03,アカデミック英語入門L,1,第 3 ，4 ターム,G. デロシェ,非常勤講師,40,農学部,,火,4,演習
250G0569,70,,,03,アカデミック英語入門R,1,第 3 ，4 ターム,山田 陽子,人文社会科学系（ 教育学部）,40,人文学部,,木,3,演習
250G0570,70,,,03,アカデミック英語入門R,1,第 3 ，4 ターム,田中 敦,非常勤講師,40,人文学部,,木,3,演習
250G0571,70,,,03,アカデミック英語入門R,1,第 3 ，4 ターム,佐藤 愛子,非常勤講師,40,人文学部,,木,3,演習
250G0572,70,,,03,アカデミック英語入門R,1,第 3 ，4 ターム,本間 多香子,非常勤講師,40,人文学部,,木,3,演習
250G0573,70,,,03,アカデミック英語入門R,1,第 3 ，4 ターム,弥田 久美子,非常勤講師,40,人文学部,,木,3,演習
250G0574,70,,,03,アカデミック英語入門R,1,第 3 ，4 ターム,山崎 祥子,非常勤講師,40,人文学部,,木,3,演習
250G0575,70,,,03,アカデミック英語入門R,1,第 3 ，4 ターム,秋 孝道,非常勤講師,40,教育学部,,木,4,演習
250G0576,70,,,03,アカデミック英語入門R,1,第 3 ，4 ターム,市橋 孝道,人文社会科学系（ 人文学部）,40,教育学部,,木,4,演習
250G0577,70,,,03,アカデミック英語入門R,1,第 3 ，4 ターム,太田 正之,非常勤講師,40,教育学部,,木,4,演習
250G0621,70,,,03,アカデミック英語入門R,1,第 3 ，4 ターム,田中 敦,非常勤講師,40,農学部,,金,4,演習
250G0622,70,,,03,アカデミック英語入門R,1,第 3 ，4 ターム,松澤 伸二,非常勤講師,40,農学部,,金,4,演習
250G0623,70,,,03,アカデミック英語入門R,1,第 3 ，4 ターム,市橋 孝道,人文社会科学系（ 人文学部）,40,農学部,,金,4,演習
250G0624,70,,,03,アカデミック英語入門R,1,第 3 ，4 ターム,加藤 茂夫,人文社会科学系（ 教育学部）,40,農学部,,金,4,演習
250G0625,70,,,03,アカデミック英語入門R,1,第 3 ，4 ターム,弥田 久美子,非常勤講師,40,創生学部,,水,1,演習
250G0626,70,,,03,アカデミック英語入門R,1,第 3 ，4 ターム,山崎 祥子,非常勤講師,40,創生学部,,水,1,演習
250G0627,70,,,03,実践コミュニケーション英語Ⅱ,1,第 3 ，4 ターム,P. ライリー,非常勤講師,30,医学部（医学科）,,金,1,演習
250G0628,70,,,03,実践コミュニケーション英語Ⅱ,1,第 3 ，4 ターム,G. ディック,非常勤講師,30,医学部（医学科）,,金,1,演習
250G0629,70,,,03,実践コミュニケーション英語Ⅱ,1,第 3 ，4 ターム,I. ガラオン青木,非常勤講師,30,医学部（医学科）,,金,1,演習
250G0630,70,,,03,実践コミュニケーション英語Ⅱ,1,第 3 ，4 ターム,J. フィコー,非常勤講師,30,医学部（医学科）,,金,1,演習
250G0631,70,,,03,実践コミュニケーション英語Ⅱ,1,第 3 ，4 ターム,G. ケント,非常勤講師,30,医学部（医学科）,,金,1,演習
250G0632,70,,,5,上 級E A P（L is t e n i n g & Speaking）,2,第 3 ，4 ターム,C. 金子,国際交流センター,25,全学部 2 年以上,,水,3,演習
250G0633,70,,,5,上級EAP（Reading）,2,第 3 ，4 ターム,M. ルディック,国際交流センター,25,全学部 2 年以上,,月,4,演習
250G0634,70,,,5,上級EAP（Writing）,2,第 3 ，4 ターム,G. オニール,国際交流センター,25,全学部 2 年以上,,水,4,演習
250G0635,70,,,5,上級コミュニカティブ英語,2,第 3 ，4 ターム,G. デロシェ,非常勤講師,15,全学部,,月,3,演習
250G0636,70,,,5,上級コミュニカティブ英語,2,第 3 ，4 ターム,M. スーマ,非常勤講師,15,全学部,イ,月,4,演習
250G0637,70,,,5,上級コミュニカティブ英語,2,第 3 ，4 ターム,L. レイサム,非常勤講師,15,全学部,,火,5,演習
250G0638,70,,,5,上級コミュニカティブ英語,2,第 3 ，4 ターム,G. ケント,非常勤講師,15,全学部,,水,4,演習
250G0639,70,,,5,上級コミュニカティブ英語,2,第 3 ，4 ターム,G. トゥーミー,非常勤講師,15,全学部,,木,3,演習
250G0640,70,,,5,上級コミュニカティブ英語,2,第 3 ，4 ターム,L. レイサム,非常勤講師,15,全学部,,火,4,演習
250G0641,70,,,4,中級CALL（留学準備）,2,第 3 ，4 ターム,ハドリー 浩美,国際交流センター,40,全学部,イ,火,4,演習
250G0642,70,,,4,中 級E A P（L is t e n i n g & Speaking）,2,第 3 ，4 ターム,G. オニール,国際交流センター,25,全学部 2 年以上,,火,3,演習
250G0643,70,,,4,中 級E A P（L is t e n i n g & Speaking）,2,第 3 ，4 ターム,C. 金子,国際交流センター,25,全学部 2 年以上,,木,2,演習
250G0644,70,,,4,中級EAP（Reading）,2,第 3 ，4 ターム,M. ルディック,国際交流センター,25,全学部 2 年以上,,金,4,演習
250G0645,70,,,4,中級EAP（Reading）,2,第 3 ，4 ターム,C. 金子,国際交流センター,25,全学部 2 年以上,,水,1,演習
250G0646,70,,,4,中級EAP（Writing）,2,第 3 ，4 ターム,C. 金子,国際交流センター,25,全学部 2 年以上,,木,3,演習
250G0648,70,,,4,英語表現セミナーA,2,第 3 ，4 ターム,G. ディック,非常勤講師,20,人文学部（優先）・他／ 2年以上,,水,4,演習
250G0649,70,,,4,英語表現セミナーB,2,第 3 ，4 ターム,I. ガラオン青木,非常勤講師,20,人文学部（優先）・他／ 2年以上,,水,3,演習
250G0650,70,,,03,英語表現セミナーC,2,第 3 ，4 ターム,I. ガラオン青木,非常勤講師,20,人文学部（優先）・他／ 2年以上,,水,4,演習
250G0651,70,,,4,実践英語セミナー,2,第 3 ，4 ターム,ハドリー 浩美,国際交流センター,30,人文学部（優先）・他／ 2年以上,,水,4,演習
250G0654,70,,,4,中級コミュニカティブ英語,2,第 3 ，4 ターム,L. レイサム,非常勤講師,20,全学部,イ,月,2,演習
250G0655,70,,,4,中級コミュニカティブ英語,2,第 3 ，4 ターム,L. レイサム,非常勤講師,20,全学部,,火,1,演習
250G0656,70,,,4,中級コミュニカティブ英語,2,第 3 ，4 ターム,L. レイサム,非常勤講師,20,全学部,イ,月,1,演習
250G0657,70,,,4,中級コミュニカティブ英語,2,第 3 ，4 ターム,B. ムリノス,非常勤講師,20,全学部,,月,3,演習
250G0658,70,,,4,中級コミュニカティブ英語,2,第 3 ，4 ターム,L. レイサム,非常勤講師,20,全学部,,火,2,演習
250G0659,70,,,4,中級コミュニカティブ英語,2,第 3 ，4 ターム,G. デロシェ,非常勤講師,20,全学部,,火,3,演習
250G0660,70,,,4,中級コミュニカティブ英語,2,第 3 ，4 ターム,G. ディック,非常勤講師,20,全学部,,火,5,演習
250G0661,70,,,4,中級コミュニカティブ英語,2,第 3 ，4 ターム,G. ケント,非常勤講師,20,全学部,,水,2,演習
250G0662,70,,,4,中級コミュニカティブ英語,2,第 3 ，4 ターム,G. ディック,非常勤講師,20,全学部,,水,3,演習
250G0663,70,,,4,中級コミュニカティブ英語,2,第 3 ，4 ターム,J. フィコー,非常勤講師,20,全学部,,水,3,演習
250G0664,70,,,4,中級コミュニカティブ英語,2,第 3 ，4 ターム,I. ガラオン青木,非常勤講師,20,全学部,,木,4,演習
250G0665,70,,,4,中級コミュニカティブ英語,2,第 3 ，4 ターム,M. スーマ,非常勤講師,20,全学部,イ,水,5,演習
250G0666,70,,,4,中級コミュニカティブ英語,2,第 3 ，4 ターム,P. ライリー,非常勤講師,20,全学部,,金,2,演習
250G0668,70,,,4,P. A . C . E .（A c a d e m i c Communication Skills）,1,第 3 ，4 ターム,M. ルディック,国際交流センター,30,創生学部,,水,5,演習
250G0669,70,,,4,P. A . C. E .（P resentation Skills）,1,第 3 ，4 ターム,M. ルディック,国際交流センター,30,創生学部,,木,5,演習
250G0670,70,,,4,P . A . C. E .（R e s ea r ch Writing ）,1,第 3 ，4 ターム,G. オニール,国際交流センター,20,創生学部,,火,5,演習
250G0671,70,,,4,P . A . C. E .（R e s ea r ch Writing ）,1,第 3 ，4 ターム,C. 金子,国際交流センター,20,創生学部,,火,5,演習
250G0082,70,,,4,P. A . C . E .（A c a d e m i c Writing Ⅰ）,0.5,第1 ターム,M. ルディック,国際交流センター,20,創生学部,,火,5,演習
251G0075,70,,,4,P. A . C . E .（A c a d e m i c Listening & Speaking）,0.5,第1 ターム,C. 金子,国際交流センター,20,創生学部,,水,5,演習
251G0076,70,,,4,P. A . C . E .（A c a d e m i c Listening & Speaking）,0.5,第1 ターム,A. ギレット,非常勤講師,20,創生学部,,水,5,演習
251G0077,70,,,4,P. A . C . E .（A c a d e m i c Reading Ⅰ）,0.5,第1 ターム,G. オニール,国際交流センター,20,創生学部,,月,5,演習
251G0078,70,,,4,P. A . C . E .（A c a d e m i c Reading Ⅰ）,0.5,第1 ターム,M. ルディック,国際交流センター,20,創生学部,,月,5,演習
251G0081,70,,,4,P. A . C . E .（A c a d e m i c Writing Ⅰ）,0.5,第1 ターム,G. オニール,国際交流センター,20,創生学部,,火,5,演習
251G0085,70,,,4,P . A . C . E .（O r a l Communication）,0.5,第1 ターム,C. 金子,国際交流センター,20,創生学部,,木,5,演習
251G0086,70,,,4,P . A . C . E .（O r a l Communication）,0.5,第1 ターム,A. ギレット,非常勤講師,20,創生学部,,木,5,演習
252G0079,70,,,4,P. A . C . E .（A c a d e m i c Reading Ⅱ）,0.5,第 2 ターム,G. オニール,国際交流センター,20,創生学部,,月,5,演習
252G0080,70,,,4,P. A . C . E .（A c a d e m i c Reading Ⅱ）,0.5,第 2 ターム,M. ルディック,国際交流センター,20,創生学部,,月,5,演習
252G0083,70,,,4,P. A . C . E .（A c a d e m i c Writing Ⅱ）,0.5,第 2 ターム,G. オニール,国際交流センター,20,創生学部,,火,5,演習
252G0084,70,,,4,P. A . C . E .（A c a d e m i c Writing Ⅱ）,0.5,第 2 ターム,M. ルディック,国際交流センター,20,創生学部,,火,5,演習
251G1001,71,,,03,西洋古典文芸A,1,第1 ターム,高橋 秀樹,人文社会科学系（ 人文学部）,80,全学部,,水,3,講義
252G1002,71,,,03,西洋古典文芸B,1,第 2 ターム,高橋 秀樹,人文社会科学系（ 人文学部）,80,全学部,,水,3,講義
252G1003,71,,,03,スペイン語圏グローバル理解 1（メキシコの文化とスペイン語入門）,1,第 2 ターム,カルデロン パトリシア,非常勤講師,80,全学部,,水,2,講義
252G1004,71,,,03,スペイン語圏グローバル理解 2（ラテンアメリカの文化・生活と言語）,1,第 2 ターム,保坂 ロミ,非常勤講師,80,全学部,,火,2,講義
251G1005,71,,,03,スペイン語圏グローバル理解 1（メキシコの文化とスペイン語入門）,1,第1 ターム,カルデロン パトリシア,非常勤講師,80,全学部,,水,2,講義
251G1006,71,,,03,スペイン語圏グローバル理解 2（ラテンアメリカの文化・生活と言語）,1,第1 ターム,保坂 ロミ,非常勤講師,80,全学部,,火,2,講義
251G1007,71,,,03,中国語圏グローバル理解 1 （日中韓比較文化）,1,第1 ターム,梁 淑珉,非常勤講師,80,全学部,,水,3,講義
252G1008,71,,,03,中国語圏グローバル理解 1 （日中韓比較文化）,1,第 2 ターム,梁 淑珉,非常勤講師,80,全学部,,水,3,講義
251G1009,71,,,03,中国語圏グローバル理解 2 （映像で探る中国文化）,1,第1 ターム,姜 杰裕,非常勤講師,80,全学部,,火,3,講義
252G1010,71,,,03,中国語圏グローバル理解 2 （映像で探る中国文化）,1,第 2 ターム,姜 杰裕,非常勤講師,80,全学部,,火,3,講義
251G1011,71,,,03,中国語圏グローバル理解 3 （多民族国家中国）,1,第1 ターム,斯日 古楞,非常勤講師,80,全学部,,水,2,講義
252G1012,71,,,03,中国語圏グローバル理解 3 （多民族国家中国）,1,第 2 ターム,斯日 古楞,非常勤講師,80,全学部,,水,2,講義
253G1501,71,,,03,中国語圏グローバル理解 4 （漢文と中国語）,1,第 3 ターム,田 春娟,非常勤講師,80,全学部,イ,水,3,講義
254G1502,71,,,03,中国語圏グローバル理解 4 （漢文と中国語）,1,第 4 ターム,田 春娟,非常勤講師,80,全学部,イ,水,3,講義
251G1013,71,,,03,中国語圏グローバル理解 5 （中国の生活と経済）,1,第1 ターム,徐 偉,非常勤講師,80,全学部,,水,2,講義
252G1014,71,,,03,中国語圏グローバル理解 5 （中国の生活と経済）,1,第 2 ターム,徐 偉,非常勤講師,80,全学部,,水,2,講義
251G1015,71,,,03,中国語圏グローバル理解 6 （中国滞在事情）,1,第1 ターム,中村 貴,非常勤講師,80,全学部,,木,3,講義
252G1016,71,,,03,中国語圏グローバル理解 6 （中国滞在事情）,1,第 2 ターム,中村 貴,非常勤講師,80,全学部,,木,3,講義
251G1017,71,,,03,中国語圏グローバル理解 7 （エリアスタディーズ北京）,1,第1 ターム,胡 暁霞,非常勤講師,80,全学部,イ,火,2,講義
252G1018,71,,,03,中国語圏グローバル理解 7 （エリアスタディーズ北京）,1,第 2 ターム,胡 暁霞,非常勤講師,80,全学部,イ,火,2,講義
251G1019,71,,,03,中国語圏グローバル理解 8 （エリアスタディーズ上海）,1,第1 ターム,応 雋,非常勤講師,80,全学部,イ,水,3,講義
252G1020,71,,,03,中国語圏グローバル理解 8 （エリアスタディーズ上海）,1,第 2 ターム,応 雋,非常勤講師,80,全学部,イ,水,3,講義
251G1021,71,,,03,中国語圏グローバル理解 9 （エリアスタディーズ東北三省）,1,第1 ターム,肖 航,非常勤講師,80,全学部,イ,火,3,講義
252G1022,71,,,03,中国語圏グローバル理解 9 （エリアスタディーズ東北三省）,1,第 2 ターム,肖 航,非常勤講師,80,全学部,イ,火,3,講義
251G1023,71,,,03,中国語圏グローバル理解 10 （中国語の基礎知識）,1,第1 ターム,斯日 古楞,非常勤講師,80,全学部,,水,3,講義
252G1024,71,,,03,中国語圏グローバル理解 10 （中国語の基礎知識）,1,第 2 ターム,斯日 古楞,非常勤講師,80,全学部,,水,3,講義
251G1025,71,,,03,中国語圏グローバル理解 11 （中国語の基礎知識）,1,第1 ターム,梁 淑珉,非常勤講師,80,全学部,,火,2,講義
252G1026,71,,,03,中国語圏グローバル理解 11 （中国語の基礎知識）,1,第 2 ターム,梁 淑珉,非常勤講師,80,全学部,,火,2,講義
253G1503,71,,,03,中国語圏グローバル理解 12 （中国語の基礎知識）,1,第 3 ターム,姜 杰裕,非常勤講師,80,全学部,,火,4,講義
254G1504,71,,,03,中国語圏グローバル理解 12 （中国語の基礎知識）,1,第 4 ターム,姜 杰裕,非常勤講師,80,全学部,,火,4,講義
251G1027,71,,,03,ドイツ語圏グローバル理解 1（スイス学入門）,1,第1 ターム,岡本 亮子,非常勤講師,80,全学部,,水,2,講義
252G1028,71,,,03,ドイツ語圏グローバル理解 1（スイス学入門）,1,第 2 ターム,岡本 亮子,非常勤講師,80,全学部,,水,2,講義
251G1029,71,,,03,ドイツ語圏グローバル理解 2 （ドイツ語文化圏研究入門）,1,第1 ターム,小林 りり子,非常勤講師,80,全学部,イ,水,1,講義
252G1030,71,,,03,ドイツ語圏グローバル理解 2 （ドイツ語文化圏研究入門）,1,第 2 ターム,小林 りり子,非常勤講師,80,全学部,イ,水,1,講義
251G1031,71,,,03,ドイツ語圏グローバル理解 3 （ドイツ語圏で暮らしてみれば）,1,第1 ターム,山田 容子,非常勤講師,80,全学部,,水,2,講義
252G1032,71,,,03,ドイツ語圏グローバル理解 3 （ドイツ語圏で暮らしてみれば）,1,第 2 ターム,山田 容子,非常勤講師,80,全学部,,水,2,講義
251G1033,71,,,03,ドイツ語圏グローバル理解 4（ 東西ドイツの分断と統一って？）,1,第1 ターム,倉持 有香子,非常勤講師,80,全学部,,水,3,講義
252G1034,71,,,03,ドイツ語圏グローバル理解 4（ 東西ドイツの分断と統一って？）,1,第 2 ターム,倉持 有香子,非常勤講師,80,全学部,,水,3,講義
251G1035,71,,,03,ドイツ語圏グローバル理解 5 （映像で見る日独文化比較）,1,第1 ターム,小林 りり子,非常勤講師,80,全学部,,水,3,講義
252G1036,71,,,03,ドイツ語圏グローバル理解 5 （映像で見る日独文化比較）,1,第 2 ターム,小林 りり子,非常勤講師,80,全学部,,水,3,講義
252G1037,71,,,03,ドイツ語圏グローバル理解 6（声に出すドイツ語）,1,第 2 ターム,山田 容子,非常勤講師,80,全学部,,火,3,講義
251G1060,71,,,03,ドイツ語インテンシブ IA 1 a,2,第1 ターム,岡本 亮子,非常勤講師,25,全学部,,月,3,演習
251G1061,71,,,03,ドイツ 語 イン テン シブ IA 2 a,2,第1 ターム,岡本 亮子,非常勤講師,25,全学部,,月,2,演習
251G1064,71,,,03,ドイツ語スタンダード IA 1 a,1.5,第1 ターム,岡本 亮子,非常勤講師,25,経済科学部,,月,1,演習
251G1065,71,,,03,ドイツ語スタンダード IA 2 a,1.5,第1 ターム,山田 容子,非常勤講師,25,経済科学部,,火,1,演習
251G1066,71,,,03,ドイツ語スタンダード IA 4 a,1.5,第1 ターム,小林 りり子,非常勤講師,25,全学部,,火,1,演習
251G1067,71,,,03,ドイツ語スタンダード IA 5 a,1.5,第1 ターム,倉持 有香子,非常勤講師,25,全学部,,火,3,演習
251G1068,71,,,03,ドイツ語スタンダード IA 6 a,1.5,第1 ターム,小林 りり子,非常勤講師,25,医学部（医学科）,,火,2,演習
251G1069,71,,,03,ドイツ語スタンダード IA 7 a,1.5,第1 ターム,倉持 有香子,非常勤講師,25,医学部（医学科）,,火,2,演習
251G1070,71,,,03,ドイツ語スタンダード IA 8 a,1.5,第1 ターム,山田 容子,非常勤講師,25,医学部（医学科）,,火,2,演習
252G1062,71,,,03,ドイツ語インテンシブ IB 1 a,2,第 2 ターム,岡本 亮子,非常勤講師,25,全学部,,月,3,演習
252G1063,71,,,03,ドイツ 語 イン テン シブ IB 2 a,2,第 2 ターム,岡本 亮子,非常勤講師,25,全学部,,月,2,演習
252G1071,71,,,03,ドイツ語スタンダード IB 1 a,1.5,第 2 ターム,岡本 亮子,非常勤講師,25,経済科学部,,月,1,演習
252G1072,71,,,03,ドイツ語スタンダード IB 2 a,1.5,第 2 ターム,山田 容子,非常勤講師,25,経済科学部,,火,1,演習
252G1073,71,,,03,ドイツ語スタンダード IB 4 a,1.5,第 2 ターム,小林 りり子,非常勤講師,25,全学部,,火,1,演習
252G1074,71,,,03,ドイツ語スタンダード IB 5 a,1.5,第 2 ターム,倉持 有香子,非常勤講師,25,全学部,,火,3,演習
252G1075,71,,,03,ドイツ語スタンダード IB 6 a,1.5,第 2 ターム,小林 りり子,非常勤講師,25,医学部（医学科）,,火,2,演習
252G1076,71,,,03,ドイツ語スタンダード IB 7 a,1.5,第 2 ターム,倉持 有香子,非常勤講師,25,医学部（医学科）,,火,2,演習
252G1077,71,,,03,ドイツ語スタンダード IB 8 a,1.5,第 2 ターム,山田 容子,非常勤講師,25,医学部（医学科）,,火,2,演習
250G1057,71,,,03,コミュニケーション・ドイツ語A,2,第1 ， 2ターム,A. ホップ,人文社会科学系（ 人文学部）,15,全学部,,水,4,演習
251G1085,71,,,03,フランス語インテンシブ IA 1 a,2,第1 ターム,逸見 龍生,人文社会科学系（ 人文学部）,25,全学部,,火,2,演習
251G1086,71,,,03,フランス語インテンシブ IA 2 a,2,第1 ターム,津森 圭一,人文社会科学系（ 人文学部）,25,全学部,,火,2,演習
251G1089,71,,,03,フランス語スタンダード IA 1 a,1.5,第1 ターム,M. 湊元,非常勤講師,25,全学部,,火,2,演習
251G1090,71,,,03,フランス語スタンダード IA 2 a,1.5,第1 ターム,金子 麻里,非常勤講師,25,全学部,イ,月,2,演習
251G1091,71,,,03,フランス語スタンダード IA 3 a,1.5,第1 ターム,M. カルトロン,非常勤講師,25,全学部,,火,1,演習
251G1092,71,,,03,フランス語スタンダード IA 4 a,1.5,第1 ターム,金子 麻里,非常勤講師,25,全学部,イ,火,2,演習
251G1093,71,,,03,フランス語スタンダード IA 5 a,1.5,第1 ターム,駒形 千夏,人文社会科学系（ 経済科学部）,25,全学部,,火,2,演習
252G1087,71,,,03,フランス語インテンシブ IB 1 a,2,第 2 ターム,逸見 龍生,人文社会科学系（ 人文学部）,25,全学部,,火,2,演習
252G1088,71,,,03,フランス語インテンシブ IB 2 a,2,第 2 ターム,津森 圭一,人文社会科学系（ 人文学部）,25,全学部,,火,2,演習
252G1094,71,,,03,フランス語スタンダード IB 1 a,1.5,第 2 ターム,M. 湊元,非常勤講師,25,全学部,,火,2,演習
252G1095,71,,,03,フランス語スタンダード IB 2 a,1.5,第 2 ターム,金子 麻里,非常勤講師,25,全学部,イ,月,2,演習
252G1096,71,,,03,フランス語スタンダード IB 3 a,1.5,第 2 ターム,M. カルトロン,非常勤講師,25,全学部,,火,1,演習
252G1097,71,,,03,フランス語スタンダード IB 4 a,1.5,第 2 ターム,金子 麻里,非常勤講師,25,全学部,イ,火,2,演習
252G1098,71,,,03,フランス語スタンダード IB 5 a,1.5,第 2 ターム,駒形 千夏,人文社会科学系（ 経済科学部）,25,全学部,,火,2,演習
250G1079,71,,,03,コミュニケーション・フランス語B,2,第1 ， 2ターム,N. ドーファン,非常勤講師,15,全学部,イ,木,1,演習
250G1080,71,,,03,コミュニケーション・フランス語C,2,第1 ， 2ターム,M. カルトロン,非常勤講師,15,全学部,,水,2,演習
250G1081,71,,,03,コミュニケーション・フランス語D,2,第1 ， 2ターム,M. カルトロン,非常勤講師,15,全学部,,金,3,演習
250G1082,71,,,03,コミュニケーション・フランス語E,2,第1 ， 2ターム,M. 湊元,非常勤講師,15,全学部,,月,3,演習
250G1083,71,,,03,コミュニケーション・フランス語Ⅰ,2,第1 ， 2ターム,金子 麻里,非常勤講師,15,全学部,イ,木,4,演習
250G1084,71,,,03,コミュニケーション・フランス語J,2,第1 ， 2ターム,R. ザンベリ,非常勤講師,15,全学部,,木,2,演習
250G1159,71,,,03,コミュニケーション・フランス語M,2,第1 ， 2ターム,駒形 千夏,人文社会科学系（ 経済科学部）,15,全学部,,木,3,演習
250G1099,71,,,4,フランス語セミナーA,2,第1 ， 2ターム,N. ドーファン,非常勤講師,15,全学部,イ,木,3,演習
250G1523,71,,,03,コミュニケーション・フランス語G,2,第 3 ，4 ターム,M. カルトロン,非常勤講師,15,全学部,,水,2,演習
251G1102,71,,,03,ロシア語インテンシブ IAa,2,第1 ターム,畔栁 千明,人文社会科学系（ 人文学部）,25,全学部,,月,2,演習
251G1104,71,,,03,ロシア語スタンダード IAa,1.5,第1 ターム,中谷 昌弘,非常勤講師,25,全学部,,火,2,演習
252G1103,71,,,03,ロシア語インテンシブ IBa,2,第 2 ターム,畔栁 千明,人文社会科学系（ 人文学部）,25,全学部,,月,2,演習
252G1105,71,,,03,ロシア語スタンダード IBa,1.5,第 2 ターム,中谷 昌弘,非常勤講師,25,全学部,,火,2,演習
250G1106,71,,,4,ロシア語セミナーA,2,第1 ， 2ターム,鈴木 正美,非常勤講師,15,全学部,,火,3,演習
250G1100,71,,,03,コミュニケーション・ロシア語A,2,第1 ， 2ターム,V. ボロニェバ,非常勤講師,15,全学部,,水,3,演習
250G1101,71,,,03,コミュニケーション・ロシア語B,2,第1 ， 2ターム,山川 詩保子,グローバル推進機構,15,全学部,,木,3,演習
254G1542,71,,,03,ロシア語エッセンシャルB,1,第 4 ターム,番場 俊,人文社会科学系（ 経済科学部）,25,全学部,ロ,他,他,演習
250G1540,71,,,03,コミュニケーション・ロシア語C,2,第 3 ，4 ターム,山川 詩保子,グローバル推進機構,15,全学部,,木,3,演習
250G1541,71,,,03,ロシア語エッセンシャル Aa,2,第 3 ，4 ターム,番場 俊・他,人文社会科学系（ 経済科学部）,25,全学部,,火,3,演習
250G1543,71,,,03,ロシア語インテンシブ IIa,4,第 3 ，4 ターム,齋藤 陽一,非常勤講師,25,全学部,,月,2,演習
250G1544,71,,,03,ロシア語スタンダード IIa,3,第 3 ，4 ターム,中谷 昌弘,非常勤講師,25,全学部,,火,2,演習
250G1545,71,,,4,ロシア語セミナーB,2,第 3 ，4 ターム,V. ボロニェバ,非常勤講師,15,全学部,,水,4,演習
252G1129,71,,,03,中国語スタンダード IB 4 a,1.5,第 2 ターム,肖 航,非常勤講師,25,経済科学部,,火,1,演習
252G1130,71,,,03,中国語スタンダード IB 5 a,1.5,第 2 ターム,応 雋,非常勤講師,25,全学部（経済科学部を優先）,,月,2,演習
252G1131,71,,,03,中国語スタンダード IB 6 a,1.5,第 2 ターム,角谷 聰,人文社会科学系（ 教育学部）,25,全学部,,火,2,演習
252G1132,71,,,03,中国語スタンダード IB 7 a,1.5,第 2 ターム,天野 祐子,非常勤講師,25,経済科学部,,火,2,演習
252G1133,71,,,03,中国語スタンダード IB 8 a,1.5,第 2 ターム,田 春娟,非常勤講師,25,医学部（医学科）,,火,2,演習
250G1107,71,,,03,コミュニケーション・中国語A,2,第1 ， 2ターム,鄭 瓊花,非常勤講師,15,全学部,イ,月,2,演習
250G1108,71,,,03,コミュニケーション・中国語B,2,第1 ， 2ターム,応 雋,非常勤講師,15,全学部,,水,4,演習
250G1109,71,,,03,コミュニケーション・中国語C,2,第1 ， 2ターム,林 歓,人文社会科学系（ 人文学部）,15,全学部,,火,2,演習
250G1110,71,,,03,コミュニケーション・中国語J,2,第1 ， 2ターム,尹 美蓮,人文社会科学系（ 経済科学部）,15,全学部,イ,木,3,演習
250G1111,71,,,03,コミュニケーション・中国語M,2,第1 ， 2ターム,姜 杰裕,非常勤講師,15,全学部,,金,2,演習
250G1134,71,,,4,中国語セミナーA,2,第1 ， 2ターム,斯日 古楞,非常勤講師,15,全学部,,火,3,演習
250G1135,71,,,4,中国語セミナーB,2,第1 ， 2ターム,林 歓,人文社会科学系（ 人文学部）,15,全学部,,木,4,演習
250G1136,71,,,4,中国語セミナーR,2,第1 ， 2ターム,姜 杰裕,非常勤講師,15,全学部,,火,4,演習
250G1546,71,,,03,コミュニケーション・中国語D,2,第 3 ，4 ターム,梁 淑珉,非常勤講師,15,全学部,イ,月,2,演習
250G1547,71,,,03,コミュニケーション・中国語E,2,第 3 ，4 ターム,干野 真一,人文社会科学系（ 人文学部）,15,全学部,,火,2,演習
250G1548,71,,,03,コミュニケーション・中国語F,2,第 3 ，4 ターム,応 雋,非常勤講師,15,全学部,,水,4,演習
250G1549,71,,,03,コミュニケーション・中国語K,2,第 3 ，4 ターム,尹 美蓮,人文社会科学系（ 経済科学部）,15,全学部,イ,木,3,演習
250G1550,71,,,03,中国語エッセンシャル A 1 a （発音・文法）,2,第 3 ，4 ターム,姜 杰裕,非常勤講師,25,全学部,,火,3,演習
250G1551,71,,,03,中国語エッセンシャル A 2 a （発音・文法）,2,第 3 ，4 ターム,田 春娟,非常勤講師,25,全学部,,月,1,演習
250G1552,71,,,03,中国語エッセンシャル B（練習・会話）,1,第 3 ，4 ターム,姜 杰裕,非常勤講師,25,全学部,,水,2,演習
250G1553,71,,,4,上海語演習,2,第 3 ，4 ターム,応 雋,非常勤講師,15,全学部,,水,3,演習
250G1554,71,,,03,中国語インテンシブ II 1 a,4,第 3 ，4 ターム,斯日 古楞,非常勤講師,25,全学部,,火,2,演習
250G1555,71,,,03,中国語インテンシブ II 2 a,4,第 3 ，4 ターム,肖 航,非常勤講師,25,全学部,,火,2,演習
250G1556,71,,,03,中国語インテンシブ II 3 a,4,第 3 ，4 ターム,尹 美蓮,人文社会科学系（ 経済科学部）,25,全学部,イ,火,2,演習
250G1557,71,,,03,中国語スタンダード II 1 a,3,第 3 ，4 ターム,鄭 瓊花,非常勤講師,25,全学部,イ,月,1,演習
250G1558,71,,,03,中国語スタンダード II 2 a,3,第 3 ，4 ターム,姜 杰裕,非常勤講師,25,全学部（経済科学部を優先）,イ,火,2,演習
251G1141,71,,,03,朝鮮語インテンシブ IAa,2,第1 ターム,藤石 貴代,人文社会科学系（ 人文学部）,25,全学部,,月,3,演習
251G1143,71,,,03,朝鮮語スタンダード IA 1 a,1.5,第1 ターム,櫻澤 亜伊,非常勤講師,25,全学部,イ,月,2,演習
251G1144,71,,,03,朝鮮語スタンダード IA 2 a,1.5,第1 ターム,権 英秀,非常勤講師,25,全学部,イ,火,1,演習
251G1145,71,,,03,朝鮮語スタンダード IA 3 a,1.5,第1 ターム,権 英秀,非常勤講師,25,全学部,イ,火,2,演習
252G1142,71,,,03,朝鮮語インテンシブ IBa,2,第 2 ターム,藤石 貴代,人文社会科学系（ 人文学部）,25,全学部,,月,3,演習
252G1146,71,,,03,朝鮮語スタンダード IB 1 a,1.5,第 2 ターム,櫻澤 亜伊,非常勤講師,25,全学部,イ,月,2,演習
252G1147,71,,,03,朝鮮語スタンダード IB 2 a,1.5,第 2 ターム,権 英秀,非常勤講師,25,全学部,イ,火,1,演習
252G1148,71,,,03,朝鮮語スタンダード IB 3 a,1.5,第 2 ターム,権 英秀,非常勤講師,25,全学部,イ,火,2,演習
250G1138,71,,,03,コミュニケーション・朝鮮語A,2,第1 ， 2ターム,権 英秀,非常勤講師,15,全学部,イ,月,2,演習
250G1137,71,,,03,コミュニケーション・朝鮮語D,2,第1 ， 2ターム,権 英秀,非常勤講師,15,全学部,イ,金,3,演習
250G1139,71,,,03,コミュニケーション・朝鮮語B,2,第1 ， 2ターム,権 英秀,非常勤講師,15,全学部,イ,月,3,演習
250G1140,71,,,03,コミュニケーション・朝鮮語C,2,第1 ， 2ターム,権 英秀,非常勤講師,15,全学部,イ,木,3,演習
250G1149,71,,,4,朝鮮語セミナーC,2,第1 ， 2ターム,権 英秀,非常勤講師,15,全学部,イ,月,1,演習
250G1568,71,,,03,コミュニケーション・朝鮮語E,2,第 3 ，4 ターム,権 英秀,非常勤講師,15,全学部,イ,月,3,演習
250G1569,71,,,03,コミュニケーション・朝鮮語X,2,第 3 ，4 ターム,李 垠姃,非常勤講師,15,全学部,,水,3,演習
250G1570,71,,,03,朝鮮語インテンシブ IIa,4,第 3 ，4 ターム,藤石 貴代,人文社会科学系（ 人文学部）,25,全学部,,月,3,演習
250G1571,71,,,03,朝鮮語エッセンシャル Aa,2,第 3 ，4 ターム,権 英秀,非常勤講師,25,全学部,,火,3,演習
250G1572,71,,,03,朝鮮語エッセンシャル B,1,第 3 ，4 ターム,権 英秀,非常勤講師,25,全学部,,金,3,演習
250G1573,71,,,03,朝鮮語スタンダード II 1 a,3,第 3 ，4 ターム,櫻澤 亜伊,非常勤講師,25,全学部,イ,月,2,演習
250G1574,71,,,03,朝鮮語スタンダード II 2 a,3,第 3 ，4 ターム,権 英秀,非常勤講師,25,全学部,イ,火,1,演習
250G1575,71,,,03,朝鮮語スタンダード II 3 a,3,第 3 ，4 ターム,権 英秀,非常勤講師,25,全学部,イ,火,2,演習
250G1576,71,,,4,朝鮮語セミナーD,2,第 3 ，4 ターム,権 英秀,非常勤講師,15,全学部,イ,木,1,演習
251G2028,14,,,03,健康スポーツ科学実習 Ia,0.5,第1 ターム,大塚 純都,人文社会科学系（ 大学院現代社会文化研究科）,55,全学部,,月,1,実技
251G2030,14,,,03,健康スポーツ科学実習 Ia,0.5,第1 ターム,渡邉 哲雄,非常勤講師,55,全学部,,水,4,実技
252G2029,14,,,03,健康スポーツ科学実習 Ib,0.5,第 2 ターム,大塚 純都,人文社会科学系（ 大学院現代社会文化研究科）,55,全学部,,月,1,実技
252G2031,14,,,03,健康スポーツ科学実習 Ib,0.5,第 2 ターム,渡邉 哲雄,非常勤講師,55,全学部,,水,4,実技
250G2001,14,,,03,健康スポーツ科学実習 I,1,第1 ， 2ターム,後藤 泰則,非常勤講師,55,全学部,,月,4,実技
250G2002,14,,,03,健康スポーツ科学実習 I,1,第1 ， 2ターム,上島 慶,非常勤講師,55,全学部,,木,3,実技
250G2003,14,,,03,健康スポーツ科学実習 I,1,第1 ， 2ターム,国正 陽子,人文社会科学系（ 工学部）,60,人文学部,,火,1,実技
250G2004,14,,,03,健康スポーツ科学実習 I,1,第1 ， 2ターム,山崎 圭,非常勤講師,60,人文学部,,水,1,実技
250G2005,14,,,03,健康スポーツ科学実習 I,1,第1 ， 2ターム,田中 誠二,人文社会科学系（ 教育学部）,60,人文学部,,水,1,実技
250G2006,14,,,03,健康スポーツ科学実習 I,1,第1 ， 2ターム,山田 洋司,非常勤講師,60,人文学部,,水,1,実技
250G2007,14,,,03,健康スポーツ科学実習 I,1,第1 ， 2ターム,栗林 稜,非常勤講師,60,教育学部（学校教員養成課程）,,月,3,実技
250G2008,14,,,03,健康スポーツ科学実習 I,1,第1 ， 2ターム,亀岡 雅紀,非常勤講師,60,教育学部（学校教員養成課程）,,月,3,実技
250G2009,14,,,03,健康スポーツ科学実習 I,1,第1 ， 2ターム,宮﨑 孝一郎,非常勤講師,55,全学部,,月,4,実技
250G2010,14,,,03,健康スポーツ科学実習 I,1,第1 ， 2ターム,佐藤 皓也,非常勤講師,55,医学部｛ 保健学科（ 放射 優先）｝・全学部,,木,4,実技
250G2011,14,,,03,健康スポーツ科学実習 I,1,第1 ， 2ターム,田巻 信吾,非常勤講師,50,全学部,,金,4,実技
250G2012,14,,,03,健康スポーツ科学実習 I,1,第1 ， 2ターム,小林 日出至郎,非常勤講師,60,医学部（医学科）,,水,2,実技
250G2013,14,,,03,健康スポーツ科学実習 I,1,第1 ， 2ターム,山田 洋司,非常勤講師,60,医学部（医学科）,,水,2,実技
250G2014,14,,,03,健康スポーツ科学実習 I,1,第1 ， 2ターム,石井 登,非常勤講師,54,医学部（保健学科）・歯学部（口）・全学部,,火,3,実技
250G2015,14,,,03,健康スポーツ科学実習 I,1,第1 ， 2ターム,石井 登,非常勤講師,54,医学部（保健学科）・歯学部（口）・全学部,,火,4,実技
250G2016,14,,,03,健康スポーツ科学実習 I,1,第1 ， 2ターム,小林 日出至郎,非常勤講師,60,医学部｛ 保健学科（ 検査優先）｝・全学部,,木,4,実技
250G2017,14,,,03,健康スポーツ科学実習 I,1,第1 ， 2ターム,宮﨑 孝一郎,非常勤講師,55,工学部（力学優先）・全学部,,水,4,実技
250G2018,14,,,03,健康スポーツ科学実習 I,1,第1 ， 2ターム,栗林 稜,非常勤講師,60,工学部（力学優先）・全学部,,水,4,実技
250G2019,14,,,03,健康スポーツ科学実習 I,1,第1 ， 2ターム,渡邉 哲雄,非常勤講師,50,工学部（ 力学・化学材料優先）,,水,3,実技
250G2020,14,,,03,健康スポーツ科学実習 I,1,第1 ， 2ターム,宮﨑 孝一郎,非常勤講師,64,工学部（化学材料優先）,,水,3,実技
250G2021,14,,,03,健康スポーツ科学実習 I,1,第1 ， 2ターム,和久井 健吾,人文社会科学系（ 工学部）,54,工学部,,火,1,実技
250G2022,14,,,03,健康スポーツ科学実習 I,1,第1 ， 2ターム,亀山 就平,非常勤講師,50,農学部,,水,1,実技
250G2023,14,,,03,健康スポーツ科学実習 I,1,第1 ， 2ターム,宮﨑 孝一郎,非常勤講師,50,全学部,,金,1,実技
250G2024,14,,,03,健康スポーツ科学実習 I,1,第1 ， 2ターム,田巻 信吾,非常勤講師,50,農学部,,金,3,実技
250G2025,14,,,03,健康スポーツ科学実習 I,1,第1 ， 2ターム,和久井 健吾,人文社会科学系（ 教育学部）,52,全学部,,火,2,実技
250G2026,14,,,03,健康スポーツ科学実習 I,1,第1 ， 2ターム,山崎 圭,非常勤講師,60,全学部,,水,2,実技
250G2027,14,,,03,健康スポーツ科学実習 I,1,第1 ， 2ターム,宮﨑 孝一郎,非常勤講師,50,農学部,,金,3,実技
250G2032,14,,,03,健康スポーツ科学実習 I（I ゴルフ）,1,第1 ， 2ターム,村山 敏夫・他,人文社会科学系（ 教育学部）,45,全学部,,金,3,実技
250G2033,14,,,03,健康スポーツ科学実習 I（I ソフトボール）,1,第1 ， 2ターム,田中 誠二,人文社会科学系（ 教育学部）,48,全学部,,水,3,実技
250G2501,14,,,03,健康スポーツ科学実習 I,1,第 3 ，4 ターム,国正 陽子,人文社会科学系（ 工学部）,60,全学部,,火,1,実技
250G2502,14,,,03,健康スポーツ科学実習 I,1,第 3 ，4 ターム,山崎 圭,非常勤講師,55,全学部,,月,1,実技
250G2503,14,,,03,健康スポーツ科学実習 I,1,第 3 ，4 ターム,森 恭,人文社会科学系（ 教育学部）,60,教育学部（学校教員養成課程）,,月,3,実技
250G2504,14,,,03,健康スポーツ科学実習 I,1,第 3 ，4 ターム,亀岡 雅紀,非常勤講師,60,教育学部（学校教員養成課程）,,月,3,実技
250G2505,14,,,03,健康スポーツ科学実習 I,1,第 3 ，4 ターム,亀岡 雅紀,非常勤講師,55,工学部（融合領域優先）・全学10,,月,4,実技
250G2506,14,,,03,健康スポーツ科学実習 I,1,第 3 ，4 ターム,田中 誠二,人文社会科学系（ 教育学部）,60,工学部（情報電子優先）,,金,4,実技
250G2507,14,,,03,健康スポーツ科学実習 I,1,第 3 ，4 ターム,後藤 泰則,非常勤講師,40,工学部（情報電子優先）,,金,4,実技
250G2508,14,,,03,健康スポーツ科学実習 I,1,第 3 ，4 ターム,田巻 信吾,非常勤講師,55,工学部（情報電子優先）・全学部,,金,4,実技
250G2509,14,,,03,健康スポーツ科学実習 I,1,第 3 ，4 ターム,宮﨑 孝一郎,非常勤講師,55,工学部（融合領域優先）・全学10,,金,2,実技
250G2510,14,,,03,健康スポーツ科学実習 I,1,第 3 ，4 ターム,亀山 就平,非常勤講師,54,工学部（建築優先）・全学10,,金,3,実技
251G3001,10,,,13,エンジニアのためのデータサイエンス入門（力学分野）,2,第1 ターム,金澤 伸一・他,自然科学系（工学部）,140,工学部｛ 工学 科（ 力学分野）｝ 1 年,,火・金,4,講義・演習
251G3002,10,,,13,エンジニアのためのデータサイエンス入門（化学材料分野）,2,第1 ターム,多島 秀男,自然科学系（工学部）,75,工学部｛工学科（化学材料分野）｝ 1 年,,火・金,4,講義・演習
251G3003,10,,,13,エンジニアのためのデータサイエンス入門（化学材料分野）,2,第1 ターム,石塚 淳,自然科学系（工学部）,75,工学部｛工学科（化学材料分野）｝ 1 年,,火・金,4,講義・演習
251G3008,10,,,13,エンジニアのためのデータサイエンス入門（融合領域分野）,2,第1 ターム,前田 義信,自然科学系（工学部）,50,工学部｛工学科（融合領域分野）｝ 1 年,,月,1 ・ 2,講義・演習
251G3010,10,,,01,データサイエンス基礎演習,2,第1 ターム,草野 曜圭,非常勤講師,50,全学部,,月・木,2,演習
251G3011,10,,,01,データサイエンス基礎演習,2,第1 ターム,山田 祐樹,非常勤講師,50,全学部,,月・木,3,演習
251G3012,10,,,01,データサイエンス基礎演習,2,第1 ターム,坂本 律,非常勤講師,50,全学部,,月・木,4,演習
251G3013,10,,,01,データサイエンス基礎演習,2,第1 ターム,米内 基樹,非常勤講師,50,全学部,,火・金,2,演習
251G3014,10,,,01,データサイエンス基礎演習,2,第1 ターム,杉山 博崇,非常勤講師,50,医学部（医学科）・他,,火・金,3,演習
251G3015,10,,,01,データサイエンス基礎演習,2,第1 ターム,増田 充恭,非常勤講師,50,医学部（医学科）・他,,火・金,4,演習
251G3022,10,,,03,データサイエンス総論Ⅰ,1,第1 ターム,齋藤 裕,ビッグデータアクティベーション研究センター,135,歯学部1 ・ 2 年,,月,1,講義
251G3023,10,,,03,データサイエンス総論Ⅰ,1,第1 ターム,山田 修司,自然科学系（理学部）,135,理学部1 ・ 2 年,,火,1,講義
251G3024,10,,,03,データサイエンス総論Ⅰ,1,第1 ターム,五島 譲司,教育基盤機構,135,理学部1 ・ 2 年,,火,1,講義
251G3025,10,,,03,データサイエンス総論Ⅰ,1,第1 ターム,齋藤 裕,ビッグデータアクティベーション研究センター,135,医学部（保健学科） 1 ・ 2 年,,金,1,講義
251G3026,10,,,03,データサイエンス総論Ⅰ,1,第1 ターム,飯田 佑輔,自然科学系（工学部）,135,農学部1 ・ 2 年,,金,4,講義
251G3027,10,,,03,データサイエンス総論Ⅰ,1,第1 ターム,齋藤 裕,ビッグデータアクティベーション研究センター,135,農学部1 ・ 2 年,,金,4,講義
251G3028,10,,,03,データサイエンス総論Ⅰ,1,第1 ターム,金子 岳史,人文社会科学系（ 教育学部）,135,教育学部1 ・ 2 年,,月,1,講義
251G3029,10,,,03,データサイエンス総論Ⅰ,1,第1 ターム,山田 修司,自然科学系（理学部）,135,医学部（医学科） 1 ・ 2 年,,木,1,講義
251G3030,10,,,03,データサイエンス総論Ⅰ,1,第1 ターム,斎藤 有吾,教育基盤機構,135,医学部（保健学科） 1 ・ 2 年,,金,5,講義
251G3031,10,,,03,データサイエンス総論Ⅰ,1,第1 ターム,斎藤 有吾,教育基盤機構,135,教育学部1 ・ 2 年,,火,1,講義
251G3042,10,,,01,情報リテラシー概論,2,第1 ターム,須川 賢洋・他,人文社会科学系（ 法学部）,250,全学部,,金,4・ 5,講義
251G3046,10,,,13,エンジニアのためのデータサイエンス入門（融合領域分野）,2,第1 ターム,白川 展之,自然科学系（工学部）,50,工学部｛工学科（融合領域分野）｝ 1 年,,月,1 ・ 2,講義・演習
252G3004,10,,,13,エンジニアのためのデータサイエンス入門（建築分野）,2,第 2 ターム,大嶋 拓也・他,自然科学系（工学部）,50,工学部｛ 工学科（ 建築分野）｝ 1 年,,月・木,2,講義・演習
252G3005,10,,,13,エンジニアのためのデータサイエンス入門（情報電子分野）,2,第 2 ターム,山﨑 達也,自然科学系（工学部）,65,工学部｛工学科（情報電子分野）｝ 1 年,,火・金,3,講義・演習
252G3006,10,,,13,エンジニアのためのデータサイエンス入門（情報電子分野）,2,第 2 ターム,高下 大貴,自然科学系（工学部）,65,工学部｛工学科（情報電子分野）｝ 1 年,,火・金,3,講義・演習
252G3007,10,,,13,エンジニアのためのデータサイエンス入門（情報電子分野）,2,第 2 ターム,佐々木 重信,自然科学系（工学部）,65,工学部｛工学科（情報電子分野）｝ 1 年,,火・金,3,講義・演習
252G3016,10,,,01,データサイエンス基礎演習,2,第 2 ターム,草野 曜圭,非常勤講師,50,全学部,,月・木,2,演習
252G3017,10,,,01,データサイエンス基礎演習,2,第 2 ターム,松崎 出穂,非常勤講師,50,全学部,,月・木,3,演習
252G3018,10,,,01,データサイエンス基礎演習,2,第 2 ターム,馬場 健太,非常勤講師,50,全学部,,月・木,4,演習
252G3019,10,,,01,データサイエンス基礎演習,2,第 2 ターム,水戸部 龍介,非常勤講師,50,全学部,,火・金,2,演習
252G3020,10,,,01,データサイエンス基礎演習,2,第 2 ターム,杉山 博崇,非常勤講師,50,医学部（医学科）・他,,火・金,3,演習
252G3021,10,,,01,データサイエンス基礎演習,2,第 2 ターム,増田 充恭,非常勤講師,50,全学部,,火・金,4,演習
252G3032,10,,,03,データサイエンス総論Ⅱ,1,第 2 ターム,齋藤 裕,ビッグデータアクティベーション研究センター,135,全学部1 ・ 2 年,,月,1,講義
252G3033,10,,,03,データサイエンス総論Ⅱ,1,第 2 ターム,山田 修司,自然科学系（理学部）,135,全学部1 ・ 2 年,,火,1,講義
252G3034,10,,,03,データサイエンス総論Ⅱ,1,第 2 ターム,五島 譲司,教育基盤機構,135,全学部1 ・ 2 年,,火,1,講義
252G3035,10,,,03,データサイエンス総論Ⅱ,1,第 2 ターム,齋藤 裕,ビッグデータアクティベーション研究センター,135,全学部1 ・ 2 年,,金,1,講義
252G3036,10,,,03,データサイエンス総論Ⅱ,1,第 2 ターム,飯田 佑輔,自然科学系（工学部）,135,全学部1 ・ 2 年,,金,4,講義
252G3037,10,,,03,データサイエンス総論Ⅱ,1,第 2 ターム,山田 修司,自然科学系（理学部）,135,医学部（医学科） 1 ・ 2 年,,木,1,講義
252G3038,10,,,03,データサイエンス総論Ⅱ,1,第 2 ターム,斎藤 有吾,教育基盤機構,135,全学部1 ・ 2 年,,金,5,講義
252G3039,10,,,03,データサイエンス総論Ⅱ,1,第 2 ターム,金子 岳史,人文社会科学系（ 教育学部）,135,教育学部1 ・ 2 年,,月,1,講義
252G3040,10,,,03,データサイエンス総論Ⅱ,1,第 2 ターム,斎藤 有吾,教育基盤機構,135,教育学部1 ・ 2 年,,火,1,講義
250G3009,10,,,03,人工知能入門,2,第1 ， 2ターム,山﨑 達也・他,自然科学系（工学部）,240,全学部1 ・ 2 年,,木,5,講義
250G3041,10,,,01,情報リテラシー,2,第1 ， 2ターム,大久保 真樹,医歯学系（ 医学部保健学科）,25,全学部（ 工学部の情報電子分野と融合領域分野，および保健学科の放射を除く） 1 年,,水,2,演習
250G3043,10,,,03,情報処理概論A I,2,第1 ， 2ターム,齋藤 裕,ビッグデータアクティベーション研究センター,200,全学部,,水,5,講義
250G3901,10,,,5,データサイエンス・インターンシップ,6,第1 学期,山田 修司,自然科学系（理学部）,10,全学部 3 ・ 4 年,,集中,集中,演習
250G3902,10,,,5,データサイエンス・インターンシップ（事前・事後指導）,2,第1 学期,山田 修司,自然科学系（理学部）,10,全学部 3 ・ 4 年,,集中,集中,演習
253G3501,10,,,01,データサイエンス基礎演習,2,第 3 ターム,米内 基樹,非常勤講師,50,全学部,,月・木,2,演習
253G3502,10,,,01,データサイエンス基礎演習,2,第 3 ターム,山田 祐樹,非常勤講師,50,全学部,,月・木,3,演習
253G3503,10,,,01,データサイエンス基礎演習,2,第 3 ターム,馬場 健太,非常勤講師,50,全学部,,月・木,4,演習
253G3504,10,,,01,データサイエンス基礎演習,2,第 3 ターム,山田 耕平,非常勤講師,50,全学部,,火・金,2,演習
253G3505,10,,,01,データサイエンス基礎演習,2,第 3 ターム,松崎 出穂,非常勤講師,50,全学部,,火・金,3,演習
253G3506,10,,,01,データサイエンス基礎演習,2,第 3 ターム,増田 充恭,非常勤講師,50,全学部,,火・金,4,演習
253G3515,10,,,03,データサイエンス総論Ⅰ,1,第 3 ターム,山﨑 達也,自然科学系（工学部）,135,経済科学部1 ・ 2 年,,火,3,講義
250G3201,75,,,5,SDGs入門演習,2,第1 ， 2ターム,村山 敏夫,人文社会科学系（ 教育学部）,200,全学部,イ,月,2,講義
250G3202,75,74,,03,キャリアデザイン,2,第1 ， 2ターム,阿部 ふく子・他,人文社会科学系（ 人文学部）,200,全学部（主として人文学部 2 年次）,,水,4,講義
250G3204,75,,,03,日本酒学A,2,第1 ， 2ターム,岸 保行・他,人文社会科学系（ 経済科学部）,358,全学部,,水,4,講義
250G3904,75,74,,01,新潟産業フィールドワーク,4,第1 学期,石本 貴之（ 河野 志穂）・他,非常勤講師,20,人 文・法・経済 学部・他 （創生学部を除く）,,集中,集中,講義・演習
253G3704,75,,,03,新潟の農林業,2,第 3 ターム,山城 秀昭・他,自然科学系（農学部）,500,自然系学部（農学部） 1 年,イ,火・金,1,講義
254G3701,75,,,03,食と健康の科学,2,第 4 ターム,藤村 忍・他,自然科学系（農学部）,250,自然系学部（農学部） 1 年,イ,火・金,1,講義
254G3703,75,,,03,土と水,2,第 4 ターム,鈴木 哲也・他,自然科学系（農学部）,250,自然系学部（農学部） 1 年,,火・金,2,講義
254G3906,75,,,03,日本酒学D,1,第 4 ターム,岸 保行,人文・社会科学系（経済科学部）,50,全学部,,集中,集中,講義
250G3702,75,,,03,地域を探る,2,第 3 ，4 ターム,原 直史・他,人文社会科学系（ 人文学部）,150,全学部,,水,3,講義
250G3705,75,,,5,SDGs入門,2,第 3 ，4 ターム,村山 敏夫・他,人文社会科学系（ 教育学部）,200,全学部,,月,2,講義
250G3706,75,,,03,近世越後諸地域の歴史と社会,2,第 3 ，4 ターム,原 直史・他,人文社会科学系（ 人文学部）,150,全学部,,水,5,講義
250G3905,75,,,03,日本酒学B,1,通年,柿原 嘉人・他,医歯学系（歯学部）,25,全学部20歳以上,,集中,集中,講義
251G3213,75,,,01,分野横断デザイン,1,第1 ターム,樋口 健,教育基盤機構,20,,,月,4,講義・演習
251G3214,75,,,01,分野横断デザイン,1,第1 ターム,櫻井 典子,教育基盤機構,20,,,月,5,講義・演習
251G3215,75,,,01,分野横断デザイン,1,第1 ターム,斎藤 有吾,教育基盤機構,20,,,火,4,講義・演習
251G3216,75,,,01,分野横断デザイン,1,第1 ターム,上畠 洋佑,教育基盤機構,20,,,木,2,講義・演習
251G3217,75,,,01,分野横断デザイン,1,第1 ターム,上畠 洋佑,教育基盤機構,20,,,木,4,講義・演習
251G3218,75,,,01,分野横断リフレクション,1,第1 ターム,斎藤 有吾,教育基盤機構,20,,,火,3,講義・演習
251G3219,75,,,01,分野横断リフレクション,1,第1 ターム,上畠 洋佑,教育基盤機構,20,,,木,3,講義・演習
251G3225,75,,,03,アクティブラーニングA,1,第1 ターム,池田 ルース,非常勤講師,50,,,水,3,講義
251G3228,75,,,03,アクティブラーニングC,1,第1 ターム,センビリング 愛,非常勤講師,30（日本人15／留学生15）,,,金,2,講義
251G3231,75,41,,03,数学的思考法,1,第1 ターム,酒匂 宏樹,自然科学系（工学部）,20,,,水,2,演習
251G3234,75,,,03,多文化間共修A 1,1,第1 ターム,池田 ルース,非常勤講師,50（日本人25／留学生25）,,,水,1,講義
251G3236,75,,,03,多文化間共修B 1,1,第1 ターム,古田 梨乃,国際交流センター,30（日本人15／留学生15）,,,木,2,講義
251G3238,75,,,03,多文化間共修C 1,1,第1 ターム,センビリング 愛,非常勤講師,30（日本人15／留学生15）,,イ,水,2,講義
251G3240,75,,,03,多文化間共修D 1,1,第1 ターム,廣川 智,国際交流センター,30（日本人15／留学生15）,,,火,1,講義
251G3242,75,,,03,日本と外国人,1,第1 ターム,池田 ルース,非常勤講師,100,,イ,金,2,講義
251G3247,75,,,03,教員志望者のための日本語教育入門A,1,第1 ターム,廣川 智,国際交流センター,50,,,火,2,講義
251G3254,75,,,03,日本手話A,2,第1 ターム,早 川 か つ み （渡辺 哲也）・他,非常勤講師,32,,,火・金,2,講義
251G3945,75,74,,03,リーダーシップ演習Ⅱ 1,1,第1 ターム,櫻井 典子・他,教育基盤機構,10,,,集中,集中,演習
251G3949,75,74,,03,リーダーシップ演習Ⅲ 1,1,第1 ターム,櫻井 典子・他,教育基盤機構,10,,,集中,集中,演習
252G3257,75,,,01,分野横断デザイン,1,第 2 ターム,樋口 健,教育基盤機構,20,,,火,3,講義・演習
252G3258,75,,,01,分野横断デザイン,1,第 2 ターム,上畠 洋佑,教育基盤機構,20,,,水,4,講義・演習
252G3259,75,,,01,分野横断デザイン,1,第 2 ターム,上畠 洋佑,教育基盤機構,20,,,木,3,講義・演習
252G3220,75,,,01,分野横断リフレクション,1,第 2 ターム,樋口 健,教育基盤機構,20,,,水,2,講義・演習
252G3221,75,,,01,分野横断リフレクション,1,第 2 ターム,櫻井 典子,教育基盤機構,20,,,木,5,講義・演習
252G3223,75,,,03,税のしくみから社会を考える,2,第 2 ターム,平尾 篤利・他,人文社会科学系（ 教育学部）,100,,,金,1 ・ 2,講義
252G3224,75,74,,03,1 ・ 2 年生対象 長期・企業実践型プログラムⅠ,2,第 2 ターム,高澤 陽二郎・他,人文社会科学系（ 経済科学部）,25,,,木,5,演習
252G3226,75,,,03,アクティブラーニングA,1,第 2 ターム,池田 ルース,非常勤講師,50,,,水,3,講義
252G3227,75,,,03,アクティブラーニングB,1,第 2 ターム,池田 英喜,国際交流センター,30（日本人15／留学生15）,,,水,1,講義
252G3229,75,,,03,アクティブラーニングC,1,第 2 ターム,センビリング 愛,非常勤講師,30（日本人15／留学生15）,,,金,2,講義
252G3235,75,,,03,多文化間共修A 2,1,第 2 ターム,池田 ルース,非常勤講師,50（日本人25／留学生25）,,,水,1,講義
252G3237,75,,,03,多文化間共修B 2,1,第 2 ターム,古田 梨乃,国際交流センター,30（日本人15／留学生15）,,,木,2,講義
252G3239,75,,,03,多文化間共修C 2,1,第 2 ターム,センビリング 愛,非常勤講師,30（日本人15／留学生15）,,,水,2,講義
252G3241,75,,,03,多文化間共修D 2,1,第 2 ターム,廣川 智,国際交流センター,30（日本人15／留学生15）,,,火,1,講義
252G3243,75,,,03,日本と外国人,1,第 2 ターム,池田 ルース,非常勤講師,100,,イ,金,2,講義
252G3246,75,41,,03,ユーザのための数学I,2,第 2 ターム,五島 譲司,教育基盤機構,30,,,水,4・ 5,演習
252G3248,75,,,03,教員志望者のための日本語教育入門B,1,第 2 ターム,廣川 智,国際交流センター,50,,,火,2,講義
252G3251,75,74,,03,自己・他者理解から始まるキャリア自律,2,第 2 ターム,堅田 里栄,非常勤講師,30,,,木,3 ・ 4,講義・演習
252G3252,75,,,03,地域災害環境システム学入門,1,第 2 ターム,本田 明治・他,自然科学系（理学部）,150,,,水,5,講義
252G3253,75,71,,03,中国留学準備講座 サマーセミナー中国入門,1,第 2 ターム,干野 真一・他,人文社会科学系（ 人文学部）,30,,,火,3,講義
252G3255,75,,,03,日本手話B,2,第 2 ターム,早 川 か つ み （渡辺 哲也）・他,非常勤講師,32,,,火・金,2,講義
252G3946,75,74,,03,リーダーシップ演習Ⅱ 2,1,第 2 ターム,櫻井 典子・他,教育基盤機構,10,,,集中,集中,演習
252G3950,75,74,,03,リーダーシップ演習Ⅲ 2,1,第 2 ターム,櫻井 典子・他,教育基盤機構,10,,,集中,集中,演習
253G3738,75,,,03,多文化間共修B 1,1,第 3 ターム,古田 梨乃,国際交流センター,30（日本人15／留学生15）,,,木,2,講義
253G3740,75,,,03,多文化間共修C 1,1,第 3 ターム,センビリング 愛,非常勤講師,30（日本人15／留学生15）,,イ,水,2,講義
253G3742,75,,,03,多文化間共修D 1,1,第 3 ターム,廣川 智,国際交流センター,30（日本人15／留学生15）,,,火,1,講義
253G3744,75,,,03,トキをシンボルとした自然再生,2,第 3 ターム,豊田 光世・他,佐渡自然共生科学センター,90,,,月・木,4,講義
253G3745,75,,,03,日本と外国人,1,第 3 ターム,池田 ルース,非常勤講師,100,,イ,金,2,講義
253G3747,75,35,,03,平和学概論,2,第 3 ターム,山田 裕史,非常勤講師,20,,,金,4・ 5,講義
253G3748,75,,,03,教員志望者のための日本語教育入門C,1,第 3 ターム,佐々木 香織,非常勤講師,50,,,火,2,講義
253G3752,75,,,03,国際共修：留学生と考える日中言語文化A,1,第 3 ターム,蒙 韞,国際交流センター,30（日本人15／留学生15）,,,火,3,講義
253G3753,75,74,,03,仕事・業界理解から働く意味を探究する,2,第 3 ターム,堅田 里栄,非常勤講師,50,,,木,3 ・ 4,講義・演習
253G3754,75,,,03,地域災害環境システム学演習,1,第 3 ターム,本田 明治・他,自然科学系（理学部）,30,,,水,5,演習
253G3755,75,,,03,表現プロジェクト演習G,2,第 3 ターム,中本 真人,人文社会科学系（ 人文学部）,15,,,木,1 ・ 2,演習
253G3757,75,,,03,表現プロジェクト演習T,2,第 3 ターム,甲斐 義明,人文社会科学系（ 人文学部）,15,,,火,3 ・ 4,演習
253G3947,75,74,,03,リーダーシップ演習Ⅱ 3,1,第 3 ターム,櫻井 典子・他,教育基盤機構,15,,,集中,集中,演習
254G3714,71,,,03,コリア学入門B,1,第 4 ターム,藤石 貴代,人文社会科学系（ 人文学部）,15,,,木,3,演習
254G3720,75,,,01,分野横断デザイン,1,第 4 ターム,櫻井 典子,教育基盤機構,20,,,火,5,講義・演習
254G3723,75,,,01,分野横断リフレクション,1,第 4 ターム,斎藤 有吾,教育基盤機構,20,,,木,5,講義・演習
254G3724,75,,,01,分野横断リフレクション,1,第 4 ターム,樋口 健,教育基盤機構,20,,,金,5,講義・演習
254G3725,75,74,,03,大学生活戦略論 －キャンパス内外を「越境」する学び・経験－,2,第 4 ターム,高澤 陽二郎,人文社会科学系（ 経済科学部）,150,,,金,3 ・ 4,講義
254G3727,75,,,03,アクティブラーニングA,1,第 4 ターム,池田 ルース,非常勤講師,50,,,水,3,講義
254G3728,75,,,03,アクティブラーニングB,1,第 4 ターム,池田 英喜,国際交流センター,30（日本人15／留学生15）,,,水,1,講義
254G3730,75,,,03,アクティブラーニングC,1,第 4 ターム,センビリング 愛,非常勤講師,30（日本人15／留学生15）,,,金,2,講義
254G3732,75,,,03,佐渡学概論：佐渡島の自然と人々の営み,2,第 4 ターム,豊田 光世・他,佐渡自然共生科学センター,90,,,月・木,4,講義
254G3735,71,,,03,西洋カリグラフィーB,1,第 4 ターム,高橋 秀樹,人文社会科学系（ 人文学部）,30,,イ,水,3,講義
254G3737,75,,,03,多文化間共修A 2,1,第 4 ターム,池田 ルース,非常勤講師,50（日本人25／留学生25）,,,水,1,講義
254G3739,75,,,03,多文化間共修B 2,1,第 4 ターム,古田 梨乃,国際交流センター,30（日本人15／留学生15）,,,木,2,講義
254G3741,75,,,03,多文化間共修C 2,1,第 4 ターム,センビリング 愛,非常勤講師,30（日本人15／留学生15）,,,水,2,講義
254G3743,75,,,03,多文化間共修D 2,1,第 4 ターム,廣川 智,国際交流センター,30（日本人15／留学生15）,,,火,1,講義
254G3746,75,,,03,日本と外国人,1,第 4 ターム,池田 ルース,非常勤講師,100,,イ,金,2,講義
254G3749,75,,,03,教員志望者のための日本語教育入門D,1,第 4 ターム,佐々木 香織,非常勤講師,50,,,火,2,講義
254G3944,75,74,,03,リーダーシップ演習Ⅰ,1,第 4 ターム,櫻井 典子・他,教育基盤機構,10,,,集中,集中,演習
254G3948,75,74,,03,リーダーシップ演習Ⅱ 4,1,第 4 ターム,櫻井 典子・他,教育基盤機構,15,,,集中,集中,演習
254G3760,70,75,,03,オックスフォード大学英語研修の準備講座：グローバルコンピテンシー強化,1,第 4 ターム,ハドリー 浩美,国際交流センター,20,,イ,火,5,演習
250G3715,99,,,03,ピアサポート入門,2,第 3 ，4 ターム,浅田 知子・他,教育基盤機構,20,,,月,3,講義・演習
250G3731,40,,,02,現代社会と差別,2,第 3 ，4 ターム,相庭 和彦,人文社会科学系（ 人文学部）,20,,,金,2,講義・演習
250G3750,75,,,03,国際共修：グローバル社会におけるビジネス・コミュニケーションB,2,第 3 ，4 ターム,蒙 韞,国際交流センター,30（日本人15／留学生15）,,,木,3,講義
250G3751,75,,,03,国際共修：留学生との協働学習を通した異文化理解B,2,第 3 ，4 ターム,蒙 韞,国際交流センター,30（日本人15／留学生15）,,,月,3,講義
250G3756,75,,,03,表現プロジェクト演習H,2,第 3 ，4 ターム,井上 朗子・他,非常勤講師,15,,,火,3,演習
250G3759,75,,,03,平和を考えるB,2,第 3 ，4 ターム,粟生田 忠雄・他,自然科学系（農学部）,150,,,水,3,講義
250G3929,75,70,,4,オックスフォード大学英語研修,2,第 2 学期,ハドリー 浩美,国際交流センター,20,,,集中,集中,演習
250G3931,71,,,03,国際交流,2,第 2 学期,藤石 貴代,人文社会科学系（ 人文学部）,15,,,集中,集中,演習
250G3933,75,74,,03,新潟の企業の魅力を探る,1,第 2 学期,高澤 陽二郎,人文社会科学系（ 経済科学部）,30,,,集中,集中,実習
251G4003,71,,,03,英語による日本語文法解説a,1,第1 ターム,池田 ルース,非常勤講師,50,全学部,,水,2,講義
251G4004,71,,,03,中国語による日本語文法解説a,1,第1 ターム,応 雋,非常勤講師,50,全学部,,火,2,講義
251G4007,99,,,03,日本語Ⅰa,2,第1 ターム,佐々木 香織,非常勤講師,20,全学部（留学生等）,イ,月,1,演習
251G4009,99,,,03,日本語Ⅲa,2,第1 ターム,センビリング 愛,非常勤講師,20,全学部（留学生等）,,月,4,演習
252G4005,71,,,03,英語による日本語文法解説b,1,第 2 ターム,池田 ルース,非常勤講師,50,全学部,,水,2,講義
252G4006,71,,,03,中国語による日本語文法解説b,1,第 2 ターム,応 雋,非常勤講師,50,全学部,,火,2,講義
252G4008,99,,,03,日本語Ⅱa,2,第 2 ターム,佐々木 香織,非常勤講師,20,全学部（留学生等）,イ,月,1,演習
252G4010,99,,,03,日本語Ⅳa,2,第 2 ターム,センビリング 愛,非常勤講師,20,全学部（留学生等）,,月,4,演習
250G4001,99,,,03,JLPT-N 1 A,1,第1 ， 2ターム,渡邉 有紀恵,非常勤講師,20,全学部（留学生）,,金,3,演習
250G4002,99,,,03,JLPT-N 2 A,1,第1 ， 2ターム,佐々木 香織,非常勤講師,20,全学部（留学生）,,火,2,演習
250G4011,99,,,03,日本語Ⅴa,4,第1 ， 2ターム,センビリング 愛,非常勤講師,20,全学部（留学生等）,,月,3,演習
250G4012,99,,,03,日本語Ⅵa,5,第1 ， 2ターム,応 雋,非常勤講師,20,全学部（留学生等）,,月,4,演習
250G4013,99,,,03,日本語作文Ⅰ,1,第1 ， 2ターム,高井 麻衣子,非常勤講師,10,全学部（留学生）,,木,2,演習
250G4014,99,,,03,日本語作文Ⅱ,1,第1 ， 2ターム,センビリング 愛,非常勤講師,10,全学部（留学生）,,月,2,演習
250G4015,99,,,03,日本語作文Ⅲ,1,第1 ， 2ターム,佐々木 香織,非常勤講師,10,全学部（留学生）,,火,1,演習
250G4016,99,,,03,日本語作文Ⅳ,1,第1 ， 2ターム,涌井 祐子,非常勤講師,10,全学部（留学生）,,木,4,演習
250G4017,99,,,03,日本語読解 I,1,第1 ， 2ターム,応 雋,非常勤講師,30,全学部（留学生）,,月,3,演習
250G4018,99,,,03,日本語読解 II,1,第1 ， 2ターム,渡邉 有紀恵,非常勤講師,30,全学部（留学生）,,金,2,演習
250G4019,99,,,03,日本語読解 III,1,第1 ， 2ターム,涌井 祐子,非常勤講師,30,全学部（留学生）,,金,4,演習
250G4020,99,,,03,日本語読解 IV,1,第1 ， 2ターム,涌井 祐子,非常勤講師,30,全学部（留学生）,,月,4,演習
250G4021,99,,,03,日本語読解 V,1,第1 ， 2ターム,高井 麻衣子,非常勤講師,30,全学部（留学生）,,木,3,演習
250G4022,99,,,03,日本語読解 VI,1,第1 ， 2ターム,齊藤 恵里,非常勤講師,30,全学部（留学生）,,火,3,演習
250G4023,99,,,03,日本語入門a,3,第1 ， 2ターム,LEE Chengya,非常勤講師,20,全学部（留学生等）,,月,4,演習
253G4502,71,,,03,英語による日本語文法解説c,1,第 3 ターム,池田 ルース,非常勤講師,50,全学部,,水,2,講義
253G4503,71,,,03,中国語による日本語文法解説c,1,第 3 ターム,応 雋,非常勤講師,50,全学部,,火,2,講義
253G4506,99,,,03,日本語Ⅰa,2,第 3 ターム,佐々木 香織,非常勤講師,20,全学部（留学生等）,イ,月,1,演習
253G4508,99,,,03,日本語Ⅲa,2,第 3 ターム,センビリング 愛,非常勤講師,20,全学部（留学生等）,,月,4,演習
254G4504,71,,,03,英語による日本語文法解説d,1,第 4 ターム,池田 ルース,非常勤講師,50,全学部,,水,2,講義
254G4505,71,,,03,中国語による日本語文法解説d,1,第 4 ターム,応 雋,非常勤講師,50,全学部,,火,2,講義
251G4025,99,,,03,日本文化入門Ⅰ,1,第1 ターム,池田 ルース,非常勤講師,100,全学部（留学生等）,イ,金,1,演習
251G4027,99,,,03,日本文化入門Ⅱ,1,第1 ターム,池田 ルース,非常勤講師,50,全学部（留学生等）,,水,5,演習
252G4026,99,,,03,日本文化入門Ⅰ,1,第 2 ターム,池田 ルース,非常勤講師,100,全学部（留学生等）,イ,金,1,演習
252G4028,99,,,03,日本文化入門Ⅱ,1,第 2 ターム,池田 ルース,非常勤講師,50,全学部（留学生等）,,水,5,演習
250G4024,99,,,03,課題研究Ⅱ,2,第1 ， 2ターム,蒙 韞,国際交流センター,10,日本語・日本文化研修留学生,,他,他,演習
250G4029,99,,,03,ビジネス日本語,2,第1 ， 2ターム,古田 梨乃,国際交流センター,15,全学部（留学生）,,水,3,講義
250G4030,99,,,03,日本で働く,2,第1 ， 2ターム,古田 梨乃,国際交流センター,20,全学部（留学生）,,金,1,講義
250G4031,99,,,03,日本事情自然系A,2,第1 ， 2ターム,藤間 真紀・他,自然科学系（理学部）,20,全学部（留学生）,,水,3,講義
253G4527,99,,,03,日本文化入門Ⅰ,1,第 3 ターム,池田 ルース,非常勤講師,100,全学部（留学生等）,イ,金,1,演習
253G4529,99,,,03,日本文化入門Ⅱ,1,第 3 ターム,池田 ルース,非常勤講師,50,全学部（留学生等）,,水,5,演習
254G4528,99,,,03,日本文化入門Ⅰ,1,第 4 ターム,池田 ルース,非常勤講師,100,全学部（留学生等）,イ,金,1,演習
254G4530,99,,,03,日本文化入門Ⅱ,1,第 4 ターム,池田 ルース,非常勤講師,50,全学部（留学生等）,,水,5,演習
250G4526,99,,,03,課題研究Ⅰ,2,第 3 ，4 ターム,蒙 韞,国際交流センター,10,日本語・日本文化研修留学生,,他,他,演習
250G4531,99,,,03,ビジネス日本語,2,第 3 ，4 ターム,古田 梨乃,国際交流センター,15,全学部（留学生）,,水,3,講義
250G4532,99,,,03,日本で働く,2,第 3 ，4 ターム,古田 梨乃,国際交流センター,20,全学部（留学生）,,金,1,講義
250G4533,99,,,03,日本事情社会系A,2,第 3 ，4 ターム,須川 賢洋・他,人文社会科学系（ 法学部）,20,全学部（留学生）,イ,水,2,講義
250G4534,99,,,03,日本事情自然系B,2,第 3 ，4 ターム,鈴木 敏夫,自然科学系（工学部）,20,全学部（留学生）,,水,3,講義
250G4201,76,,,11,人文初年次演習,2,第1 ， 2ターム,須田 悠基,人文社会科学系（ 人文学部）,20,人文学部（優先）・他,,水,2,演習
250G4202,76,,,11,人文初年次演習,2,第1 ， 2ターム,小林 恵,人文社会科学系（ 人文学部）,20,人文学部（優先）・他,,火,3,演習
250G4203,76,,,11,人文初年次演習,2,第1 ， 2ターム,中本 真人,人文社会科学系（ 人文学部）,20,人文学部（優先）・他,,水,2,演習
250G4204,76,,,11,人文初年次演習,2,第1 ， 2ターム,伊藤 嘉高,人文社会科学系（ 人文学部）,20,人文学部（優先）・他,,水,3,演習
250G4205,76,,,11,人文初年次演習,2,第1 ， 2ターム,村上 正和,人文社会科学系（ 人文学部）,20,人文学部（優先）・他,,火,3,演習
250G4206,76,,,11,人文初年次演習,2,第1 ， 2ターム,広川 佐保,人文社会科学系（ 人文学部）,20,人文学部（優先）・他,,水,3,演習
250G4207,76,,,11,人文初年次演習,2,第1 ， 2ターム,磯貝 淳一,人文社会科学系（ 人文学部）,20,人文学部（優先）・他,,水,3,演習
250G4208,76,,,11,人文初年次演習,2,第1 ， 2ターム,干野 真一,人文社会科学系（ 人文学部）,20,人文学部（優先）・他,,水,3,演習
250G4209,76,,,11,人文初年次演習,2,第1 ， 2ターム,市橋 孝道,人文社会科学系（ 人文学部）,20,人文学部（優先）・他,,木,2,演習
250G4210,76,,,11,人文初年次演習,2,第1 ， 2ターム,A. ホップ,人文社会科学系（ 人文学部）,20,人文学部（優先）・他,,水,3,演習
250G4211,76,,,11,人文初年次演習,2,第1 ， 2ターム,山田 斗志希,人文社会科学系（ 人文学部）,20,人文学部（優先）・他,,木,3,演習
250G4212,76,,,11,スタディ・スキルズA,2,第1 ， 2ターム,古田 和久,人文社会科学系（ 教育学部）,20,教育学部（学校教員養成課程学校教育学専修） 1 年,,金,4,演習
251G4213,76,,,11,スタディ・スキルズB,2,第1 ターム,佐藤 友哉・他,人文社会科学系（ 教育学部）,25,教育学部（学校教員養成課程教育心理学専修） 1 年,,木,1 ・ 2,演習
250G4214,76,,,11,スタディ・スキルズC,2,第1 ， 2ターム,有川 宏幸・他,人文社会科学系（ 教育学部）,15,教育学部（学校教員養成課程特別支援教育専修） 1 年,,月,5,演習
250G4215,76,,,11,スタディ・スキルズE,2,第1 ， 2ターム,岡田 祥平・他,人文社会科学系（ 教育学部）,20,教育学部（学校教員養成課程国語教育専修） 1 年,,木,1,演習
250G4216,76,,,11,スタディ・スキルズF,2,第1 ， 2ターム,釜本 健司・他,人文社会科学系（ 教育学部）,40,教育学部（学校教員養成課程社会科教育専修） 1 年,,木,2,演習
250G4217,76,,,11,スタディ・スキルズG,2,第1 ， 2ターム,山田 陽子・他,人文社会科学系（ 教育学部）,15,教育学部（学校教員養成課程英語教育専修） 1 年,,火,5,演習
250G4218,76,,,11,スタディ・スキルズH,2,第1 ， 2ターム,伏木 忠義・他,人文社会科学系（ 教育学部）,25,教育学部（学校教員養成課程 数学教育専修） 1 年,,火,3,演習
251G4219,76,,,11,スタディ・スキルズI,2,第1 ターム,髙清水 康博・他,人文社会科学系（ 教育学部）,20,教育学部（学校教員養成課程理科教育専修） 1 年,,水・金,4,演習
250G4220,76,,,11,スタディ・スキルズK,2,第1 ， 2ターム,山本 咲子・他,人文社会科学系（ 教育学部）,15,教育学部（学校教員養成課程家庭科教育専修） 1 年,,火,5,演習
250G4221,76,,,11,スタディ・スキルズL,2,第1 ， 2ターム,下保 敏和,人文社会科学系（ 教育学部）,10,教育学部（学校教員養成課程技術科教育専修） 1 年,,木,1,演習
251G4222,76,,,11,スタディ・スキルズM,2,第1 ターム,宇野 哲之,人文社会科学系（ 教育学部）,15,教育学部（学校教員養成課程音楽教育専修） 1 年,,火・金,1,演習
250G4223,76,,,11,スタディ・スキルズN,2,第1 ， 2ターム,田中 咲子・他,人文社会科学系（ 教育学部）,25,教育学部（学校教員養成課程美術科教育専修） 1 年,,水,5,演習
250G4224,76,,,11,スタディ・スキルズP,2,第1 ， 2ターム,森 恭・他,人文社会科学系（ 教育学部）,20,教育学部（学校教員養成課程保健体育専修） 1 年,,月,5,演習
251G4225,76,,,11,スタディ・スキルズ,2,第1 ターム,河野 志穂・他,人文社会科学系（ 法学部）,30,法学部,,月・木,4,演習
251G4226,76,,,11,スタディ・スキルズ,2,第1 ターム,河野 志穂・他,人文社会科学系（ 法学部）,30,法学部,,月・木,4,演習
251G4227,76,,,11,スタディ・スキルズ,2,第1 ターム,河野 志穂・他,人文社会科学系（ 法学部）,30,法学部,,月・木,4,演習
251G4228,76,,,11,スタディ・スキルズ,2,第1 ターム,河野 志穂・他,人文社会科学系（ 法学部）,30,法学部,,月・木,4,演習
251G4229,76,,,11,スタディ・スキルズ,2,第1 ターム,河野 志穂・他,人文社会科学系（ 法学部）,30,法学部,,月・木,4,演習
251G4230,76,,,11,スタディ・スキルズ,2,第1 ターム,河野 志穂・他,人文社会科学系（ 法学部）,30,法学部,,月・木,4,演習
251G4231,76,,,11,スタディ・スキルズ,2,第1 ターム,河野 志穂・他,人文社会科学系（ 法学部）,30,法学部,,月・木,4,演習
251G4232,76,,,11,スタディ・スキルズ,2,第1 ターム,河野 志穂・他,人文社会科学系（ 法学部）,30,法学部,,月・木,4,演習
251G4233,76,,,11,スタディ・スキルズ,2,第1 ターム,河野 志穂・他,人文社会科学系（ 法学部）,30,法学部,,月・木,4,演習
251G4234,76,,,11,スタディスキルズⅠ,1,第1 ターム,岡村 浩・他,人文社会科学系（ 経済科学部）,25,経済科学部総合経済学科 1 年,,月,5,演習
251G4235,76,,,11,スタディスキルズⅠ,1,第1 ターム,岡村 浩・他,人文社会科学系（ 経済科学部）,25,経済科学部総合経済学科 1 年,,月,5,演習
251G4236,76,,,11,スタディスキルズⅠ,1,第1 ターム,岡村 浩・他,人文社会科学系（ 経済科学部）,25,経済科学部総合経済学科 1 年,,月,5,演習
251G4237,76,,,11,スタディスキルズⅠ,1,第1 ターム,岡村 浩・他,人文社会科学系（ 経済科学部）,25,経済科学部総合経済学科 1 年,,月,5,演習
251G4238,76,,,11,スタディスキルズⅠ,1,第1 ターム,石塚 千賀子・他,人文社会科学系（ 経済科学部）,25,経済科学部総合経済学科 1 年,,水,3,演習
251G4239,76,,,11,スタディスキルズⅠ,1,第1 ターム,石塚 千賀子・他,人文社会科学系（ 経済科学部）,25,経済科学部総合経済学科 1 年,,水,3,演習
251G4240,76,,,11,スタディスキルズⅠ,1,第1 ターム,石塚 千賀子・他,人文社会科学系（ 経済科学部）,25,経済科学部総合経済学科 1 年,,水,3,演習
251G4241,76,,,11,スタディスキルズⅠ,1,第1 ターム,石塚 千賀子・他,人文社会科学系（ 経済科学部）,25,経済科学部総合経済学科 1 年,,水,3,演習
251G4242,76,,,11,スタディスキルズⅠ,1,第1 ターム,岡村 浩・他,人文社会科学系（ 経済科学部）,25,経済科学部総合経済学科 1 年,,月,5,演習
251G4243,76,,,11,スタディスキルズⅠ,1,第1 ターム,岡村 浩・他,人文社会科学系（ 経済科学部）,25,経済科学部総合経済学科 1 年,,月,5,演習
251G5001,41,,,03,解析学基礎 1,1,第1 ターム,大井 志穂,自然科学系（理学部）,150,理学部・他（工学部を除く）,,水,1,講義
251G5003,41,,,03,数学基礎A 1,1,第1 ターム,山田 修司,自然科学系（理学部）,200,自然系学部・他（工学部を除く）,,水,1,講義
251G5004,41,,,03,数学基礎A 1,1,第1 ターム,橋詰 健太,自然科学系（理学部）,150,自然系学部・他（工学部を除く）,,木,5,講義
251G5007,41,,,03,数学基礎B 1,1,第1 ターム,星 明考,自然科学系（理学部）,240,理学部・他（工学部を除く）,,金,3,講義
251G5008,41,,,03,数学基礎B 1,1,第1 ターム,小島 秀雄,自然科学系（理学部）,150,自然系学部・他（工学部を除く）,,水,3,講義
251G5011,41,,,03,統計学基礎 1,1,第1 ターム,家富 洋,非常勤講師,160,自然系学部・他,,水,1,講義
251G5012,41,,,03,統計学基礎 1,1,第1 ターム,坂井 一貴,非常勤講師,150,自然系学部・他,,月,5,講義
252G5002,41,,,03,解析学基礎 2,1,第 2 ターム,大井 志穂,自然科学系（理学部）,150,理学部・他（工学部を除く）,,水,1,講義
252G5005,41,,,03,数学基礎A 2,1,第 2 ターム,山田 修司,自然科学系（理学部）,200,自然系学部・他（工学部を除く）,,水,1,講義
252G5006,41,,,03,数学基礎A 2,1,第 2 ターム,橋詰 健太,自然科学系（理学部）,150,自然系学部・他（工学部を除く）,,木,5,講義
252G5009,41,,,03,数学基礎B 2,1,第 2 ターム,星 明考,自然科学系（理学部）,240,理学部・他（工学部を除く）,,金,3,講義
252G5010,41,,,03,数学基礎B 2,1,第 2 ターム,小島 秀雄,自然科学系（理学部）,150,自然系学部・他（工学部を除く）,,水,3,講義
252G5013,41,,,03,統計学基礎 2,1,第 2 ターム,坂井 一貴,非常勤講師,150,自然系学部・他,,月,5,講義
252G5014,41,,,03,統計学基礎 2,1,第 2 ターム,家富 洋,非常勤講師,160,自然系学部・他,,水,1,講義
253G5501,41,,,03,数学基礎A 1,1,第 3 ターム,高瀬 幸一,非常勤講師,150,自然系学部・他（工学部を除く）,,水,3,講義
253G5503,41,,,03,数学基礎B 1,1,第 3 ターム,田中 環,自然科学系（理学部）,150,自然系学部・他（工学部を除く）,,水,2,講義
253G5504,41,,,03,数学基礎B 1,1,第 3 ターム,橋詰 健太,自然科学系（理学部）,150,自然系学部・他（工学部を除く）,,木,3,講義
253G5507,41,,,03,統計学基礎 1,1,第 3 ターム,蛭川 潤一,自然科学系（理学部）,150,医学部（医学科）,,火,5,講義
253G5508,41,,,03,統計学基礎 1,1,第 3 ターム,坂井 一貴,非常勤講師,150,自然系学部・他,,月,5,講義
254G5502,41,,,03,数学基礎A 2,1,第 4 ターム,高瀬 幸一,非常勤講師,150,自然系学部・他（工学部を除く）,,水,3,講義
254G5505,41,,,03,数学基礎B 2,1,第 4 ターム,田中 環,自然科学系（理学部）,150,自然系学部・他（工学部を除く）,,水,2,講義
254G5506,41,,,03,数学基礎B 2,1,第 4 ターム,橋詰 健太,自然科学系（理学部）,150,自然系学部・他（工学部を除く）,,木,3,講義
254G5509,41,,,03,統計学基礎 2,1,第 4 ターム,蛭川 潤一,自然科学系（理学部）,150,医学部（医学科）,,火,5,講義
254G5510,41,,,03,統計学基礎 2,1,第 4 ターム,坂井 一貴,非常勤講師,150,自然系学部・他,,月,5,講義
251G5017,43,,,03,物理学基礎A I,2,第1 ターム,大野 義章,自然科学系（理学部）,65,理学部・他,,木,1 ・ 2,講義
251G5019,43,,,03,物理学基礎BⅠ,2,第1 ターム,副島 浩一,自然科学系（理学部）,150,工学部（力学分野）・理学部,,火・金,2,講義
251G5020,43,,,03,物理学基礎BⅠ,2,第1 ターム,武田 直也,自然科学系（工学部）,140,工学部（化学材料分野）,,火・金,2,講義
251G5021,43,,,03,物理学基礎BⅠ,2,第1 ターム,摂待 力生,自然科学系（理学部）,150,工学部（ 情報電子分野・建築分野）・理学部,,火・金,1,講義
251G5022,43,,,03,物理学基礎BⅠ,2,第1 ターム,石川 文洋,自然科学系（理学部）,150,工学部（ 情報電子分野・建築分野）・理学部,,火・金,1,講義
252G5023,43,,,03,物理学基礎BⅠ,2,第 2 ターム,小浦方 格・他,自然科学系（工学部）,100,工学部（融合領域分野）・他,,火・金,1,講義
250G5015,43,,,02,物理学概論,2,第1 ， 2ターム,小林 公一,医歯学系（ 医学部保健学科）,200,自然系学部（ 工学部， 医学部医学科，歯学部歯学科を除く）・他,,金,2,講義
250G5016,43,,,03,物理学基礎A I,2,第1 ， 2ターム,淺賀 岳彦,自然科学系（理学部）,95,医｛保（放射）｝・理学部・他,,月,5,講義
250G5018,43,,,03,物理学基礎BⅠ,2,第1 ， 2ターム,石川 文洋,自然科学系（理学部）,150,自然系学部｛工学部（情報電子分野・建築分野）を除く｝,ロ,他,他,講義
250G5024,43,,,03,物理学基礎CⅠ,2,第1 ， 2ターム,江尻 信司,自然科学系（理学部）,180,医学部（医学科）・歯学部,,月,2,講義
254G5513,43,,,03,物理学基礎BⅡ,2,第 4 ターム,中野 博章,自然科学系（理学部）,160,工学部（ 建築分野・融合領域分野）・自然系学部,,火・金,1,講義
254G5514,43,,,03,物理学基礎BⅡ,2,第 4 ターム,早坂 圭司,自然科学系（理学部）,160,工学部（情報電子分野）,,火・金,1,講義
254G5515,43,,,03,物理学基礎BⅡ,2,第 4 ターム,佐々木 進,自然科学系（工学部）,140,工学部（化学材料分野）,,火・金,2,講義
254G5516,43,,,03,物理学基礎BⅡ,2,第 4 ターム,小池 裕司,自然科学系（理学部）,160,工学部（力学分野）・自然系学部,イ,火・金,2,講義
250G5511,43,,,02,物理学概論,2,第 3 ，4 ターム,大村 彩子,自然科学系（理学部）,180,自然系学部（ 工学部， 医学部（医学科），歯学部（歯学科）を除く）,,水,1,講義
250G5512,43,,,03,物理学基礎A II,2,第 3 ，4 ターム,松尾 正之,非常勤講師,120,理学部・医｛ 保（放射）｝・農学部・他,,水,3,講義
250G5517,43,,,03,物理学基礎CⅡ,2,第 3 ，4 ターム,大坪 隆,自然科学系（理学部）,160,医学部・歯学部,,火,1,講義
251G6002,41,,,02,リメディアル数学I,1,第1 ターム,矢代 海音,非常勤講師,100,経済科学部， 教育学部，人文学部，法学部，創生学部1 年,,火,3,講義
251G6003,41,,,02,リメディアル数学I,1,第1 ターム,山田 耕平,非常勤講師,100,経済科学部， 教育学部，人文学部，法学部，創生学部1 年,,木,3,講義
251G6004,41,,,02,リメディアル数学I,1,第1 ターム,小泉 晶平,非常勤講師,100,経済科学部， 教育学部，人文学部，法学部，創生学部1 年,,月,1,講義
251G6005,41,,,02,リメディアル数学I,1,第1 ターム,山田 耕平,非常勤講師,100,経済科学部， 教育学部，人文学部，法学部，創生学部1 年,,水,1,講義
251G6017,44,,,03,地学概論A,2,第1 ターム,高澤 栄一,自然科学系（理学部）,150,全学部,,月・木,1,講義
252G6006,41,,,02,リメディアル数学II,1,第 2 ターム,山田 耕平,非常勤講師,100,経済科学部， 教育学部，人文学部，法学部，創生学部1 年,,木,3,講義
252G6007,41,,,02,リメディアル数学II,1,第 2 ターム,山田 耕平,非常勤講師,100,経済科学部， 教育学部，人文学部，法学部，創生学部1 年,,水,1,講義
252G6008,41,,,02,リメディアル数学II,1,第 2 ターム,矢代 海音,非常勤講師,100,経済科学部， 教育学部，人文学部，法学部，創生学部1 年,,火,3,講義
252G6009,41,,,02,リメディアル数学II,1,第 2 ターム,小泉 晶平,非常勤講師,100,経済科学部， 教育学部，人文学部，法学部，創生学部1 年,,月,1,講義
252G6010,41,,,03,基礎数理A I,2,第 2 ターム,永幡 幸生,自然科学系（工学部）,150,工学部（力学）・他,,火・金,1,講義
252G6011,41,,,03,基礎数理A I,2,第 2 ターム,酒匂 宏樹,自然科学系（工学部）,150,工学部（情報電子a）・他,,月・木,4,講義
252G6012,41,,,03,基礎数理A I,2,第 2 ターム,管野 政明,自然科学系（工学部）,120,工学 部（ 情報電子b・建築）・他,,月・木,4,講義
252G6013,41,,,03,基礎数理A I,2,第 2 ターム,山本 征法,自然科学系（工学部）,150,工学部（化学材料）・他,,火・金,3,講義
252G6014,41,,,03,基礎数理A I,2,第 2 ターム,高橋 剛,自然科学系（工学部）,100,工学部（融合領域）・他,,火・金,4,講義
252G6015,44,,,03,基礎雪氷学,2,第 2 ターム,新屋 啓文・他,災害・復興科学研究所,120,全学部,,金,3 ・ 4,講義
252G6016,57,,,03,生物学－植物A－,2,第 2 ターム,酒井 達也・他,自然科学系（理学部）,150,全学部（理学部以外）,,月・木,1,講義
252G6019,43,,,03,物理学への招待A,2,第 2 ターム,大坪 隆,自然科学系（理学部）,120,全学部,,火・金,1,講義
252G6023,57,,,03,生物学実験,1,第 2 ターム,林 八寿子・他,自然科学系（理学部）,60,全学部（農学部・他）,,木,3 ・ 4,実験
250G6001,43,46,57,13,自然科学基礎実験,2,第1 ， 2ターム,石川 文洋・他,自然科学系（理学部）,140,医学部（医学科） 1 年,,月,3 ・ 4,実験
250G6018,44,,,03,地学実験A,2,第1 ， 2ターム,渡部 直喜,災害・復興科学研究所,20,全学部,,水,2,実験
250G6020,43,,,03,物理学基礎実験,2,第1 ， 2ターム,小林 公一・他,医歯学系（ 医学部保健学科）,50,医学 部｛ 保 健・放 射（ 必修），看護・検査（選択）｝,,水,3 ・ 4,実験
250G6021,43,,,03,物理学基礎実験,2,第1 ， 2ターム,村上 貴洋・他,自然科学系（工学部）,50,工学部（材料科学）・他 2 年,,金,3 ・ 4,実験
250G6022,43,,,03,量子研究の最前線,2,第1 ， 2ターム,淺賀 岳彦・他,自然科学系（理学部）,100,全学部,,水,5,講義
253G6501,87,43,,03,医学物理学入門,1,第 3 ターム,大坪 隆・他,自然科学系（理学部）,50,全学部,ロ,他,他,講義
253G6502,46,,,03,化学とSDGs,2,第 3 ターム,梅林 泰宏・他,自然科学系（理学部）,220,原則として文系学部,,月・木,4,講義
253G6508,41,,,03,基礎数理B,2,第 3 ターム,高橋 剛,自然科学系（工学部）,100,工学部（融合領域）・他,,火・金,4,講義
253G6509,41,,,03,基礎数理B,2,第 3 ターム,永幡 幸生,自然科学系（工学部）,150,工学部（力学）・他,,火・金,1,講義
253G6510,41,,,03,基礎数理B,2,第 3 ターム,酒匂 宏樹,自然科学系（工学部）,150,工学部（情報電子a）・他,,月・木,4,講義
253G6511,41,,,03,基礎数理B,2,第 3 ターム,管野 政明,自然科学系（工学部）,120,工学 部（ 情報電子b・建築）・他,,月・木,4,講義
253G6512,41,,,03,基礎数理B,2,第 3 ターム,山本 征法,自然科学系（工学部）,150,工学部（化学材料）・他,,火・金,3,講義
253G6513,46,,,03,社会を支える有機化学,2,第 3 ターム,俣野 善博,自然科学系（理学部）,150,文系学部,,火・金,3,講義
253G6514,41,,,03,数学の世界,2,第 3 ターム,星 明考・他,自然科学系（理学部）,100,全学部,,水,4・ 5,講義
253G6517,57,,,03,生物学－動物A－,2,第 3 ターム,井筒 ゆみ,自然科学系（理学部）,150,全学部,,金,3 ・ 4,講義
253G6519,44,,,03,地学実験B,1,第 3 ターム,栗原 敏之,自然科学系（理学部）,20,全学部,,金,3 ・ 4,実験
253G6522,44,70,,02,地質学の基礎,2,第 3 ターム,サティッシュクマール,自然科学系（理学部）,25,全学部（留学生）,,月・木,1,講義
254G6503,41,,,03,基礎数理A II,2,第 4 ターム,高橋 剛,自然科学系（工学部）,100,工学部（融合領域）・他,,火・金,4,講義
254G6504,41,,,03,基礎数理A II,2,第 4 ターム,永幡 幸生,自然科学系（工学部）,150,工学部（力学）・他,,火・金,1,講義
254G6505,41,,,03,基礎数理A II,2,第 4 ターム,酒匂 宏樹,自然科学系（工学部）,150,工学部（情報電子a）・他,,月・木,4,講義
254G6506,41,,,03,基礎数理A II,2,第 4 ターム,管野 政明,自然科学系（工学部）,120,工学 部（ 情報電子b・建築）・他,,月・木,4,講義
254G6507,41,,,03,基礎数理A II,2,第 4 ターム,山本 征法,自然科学系（工学部）,150,工学部（化学材料）・他,,火・金,3,講義
254G6516,57,,,03,生物学－生物多様性A－,2,第 4 ターム,藤村 衡至・他,自然科学系（理学部）,200,全学部,,月・木,3,講義
254G6518,44,,,03,地学概論A,2,第 4 ターム,渡部 直喜,災害・復興科学研究所,150,全学部,,火・金,4,講義
254G6520,44,,,03,地球と気象,2,第 4 ターム,本田 明治,自然科学系（理学部）,150,全学部,,火・金,4,講義
250G6515,46,,,03,生活の化学,2,第 3 ，4 ターム,古川 和広,自然科学系（理学部）,150,文系学部,,木,2,講義
250G6521,43,,,03,物理学への招待B,2,第 3 ，4 ターム,吉森 明,自然科学系（理学部）,120,全学部,,月,4,講義
252S0507,16,,,12,理学基礎演習（数学プログラム）,2,第 2 ターム,田中 環,自然系（理）,50,理学部1 年,,木,1 ・ 2,演習・講義・実習
252S0508,16,,,12,理学基礎演習（物理学プログラム）,2,第 2 ターム,中野 博章,自然系（理）,50,理学部1 年,,木,1 ・ 2,演習・講義・実習
252S0509,16,,,12,理学基礎演習（化学プログラム）,2,第 2 ターム,古川 和広,自然系（理）,50,理学部1 年,,木,1 ・ 2,演習・講義・実習
252S0510,16,,,12,理学基礎演習（生物学プログラム）,2,第 2 ターム,藤間 真紀,自然系（理）,30,理学部1 年,,木,1 ・ 2,演習・講義・実習
251S0570,57,,,03,基礎生物化学,2,第1 ターム,長束 俊治,自然系（理）,50,理学部 2 年,,月・木,3,講義
252S0571,44,,,13,地質学入門a,1,第 2 ターム,サティッシュクマール,自然系（理）,100,理学部1 年,,月,5,講義
252S0572,44,,,13,地質学入門b,1,第 2 ターム,栗原 敏之,自然系（理）,100,理学部1 年,,木,5,講義
250S0573,44,,,13,フィールド体験実習,1,集中,植田 勇人,自然系（理）,30,理学部1 ， 2 年,,他,他,実習
251S0574,44,,,13,構造地質学入門,1,第1 ターム,小林 健太,自然系（理）,30,理学部 2 年,,月,2,講義
251S0575,44,,,13,地層・古生物学入門,2,第1 ターム,椎野 勇太,自然系（理）,30,理学部 2 年,,火・金,2,講義
252S0576,44,,,13,鉱物・岩石学入門,2,第 2 ターム,サティッシュクマール,自然系（理）,30,理学部 2 年,,火・金,2,講義
252S0577,44,,,13,環境地質学入門,1,第 2 ターム,卜部 厚志,災害・復興科学研究所,30,理学部 2 年,,月,2,講義
250S0578,44,,,4,地学英語,1,第 3 ，4 ターム,サティッシュクマール,自然系（理）,30,理学部 2 年,,金,4,講義
251S0579,46,,,4,物質反応化学,2,第1 ターム,臼井 聡,自然系（理）,70,理学部 2 年,,火・金,2,講義
251S0581,44,,,4,環境気象学,2,第1 ターム,本田 明治,自然系（理）,40,理学部 2 年,,火・金,3,講義
252S0582,43,,,4,基礎量子力学,2,第 2 ターム,丸山 健二,自然系（理）,80,理学部 2 年,,月・木,1,講義
250S0583,57,,,4,機能形態学,2,第1 ， 2ターム,林 八寿子,自然系（理）,40,理学部 2 年,,水,2,講義
252S0585,57,,,4,多様性生物学B,2,第 2 ターム,宮﨑 勝己,自然系（理）,40,理学部 2 年,,火・金,3,講義
250S0586,44,,,03,地球環境の多様性と歴史,1,第1 学期,サティッシュクマール,自然系（理）,120,全学部1 ～ 4 年,ロ,他,他,講義
250S0587,44,,,03,地球環境の多様性と歴史,1,第 2 学期,サティッシュクマール,自然系（理）,120,全学部1 ～ 4 年,ロ,他,他,講義
250S0588,16,,,03,国際フィールド科学演習,2,第1 学期,サティッシュクマール,自然系（理）,70,全学部1 ～ 4 年,イ,他,他,演習
250S0589,16,,,03,国際フィールド科学演習,2,第 2 学期,サティッシュクマール,自然系（理）,70,全学部1 ～ 4 年,イ,他,他,演習
250S0590,74,,,03,フィールド企業インターンシップ,1,集中,サティッシュクマール,自然系（理）,50,全学部1 ～ 4 年,,他,他,実習
250S0591,16,,,03,海外フィールド実習A,2,集中,サティッシュクマール,自然系（理）,30,全学部1 ～ 4 年,,他,他,実習
250S0592,16,,,03,海外フィールド実習B,4,集中,サティッシュクマール,自然系（理）,20,全学部1 ～ 4 年,,他,他,実習
253S1501,41,,,03,解析学序論A,1,第 3 ターム,應和 宏樹,自然系（理）,70,理学部 2 年,,金,3,講義
253S1502,41,,,03,代数・幾何学序論A,1,第 3 ターム,鈴木 有祐,自然系（理）,70,理学部 2 年,,月,2,講義
253S1503,41,,,4,集合と位相入門A,1,第 3 ターム,田中 環,自然系（理）,70,理学部 2 年,,木,3,講義
253S1504,41,,,4,微分方程式論A,1,第 3 ターム,應和 宏樹,自然系（理）,50,理学部 2 年,,火,3,講義
253S1505,41,,,4,代数入門A,2,第 3 ターム,小島 秀雄,自然系（理）,70,理学部 2 年,,月・火,4・ 2,講義
253S1506,41,,,03,プログラミング概論A,1,第 3 ターム,山田 修司,自然系（理）,70,理学部 2 年,,木,4,講義
254S1507,41,,,03,解析学序論B,1,第 4 ターム,應和 宏樹,自然系（理）,70,理学部 2 年,,金,3,講義
254S1508,41,,,03,代数・幾何学序論B,1,第 4 ターム,星 明考,自然系（理）,70,理学部 2 年,,月,2,講義
254S1509,41,,,4,集合と位相入門B,1,第 4 ターム,田中 環,自然系（理）,70,理学部 2 年,,木,3,講義
254S1510,41,,,4,微分方程式論B,1,第 4 ターム,應和 宏樹,自然系（理）,50,理学部 2 年,,火,3,講義
254S1511,41,,,4,代数入門B,2,第 4 ターム,小島 秀雄,自然系（理）,70,理学部 2 年,,月・火,4・ 2,講義
254S1512,41,,,03,プログラミング概論B,1,第 4 ターム,山田 修司,自然系（理）,70,理学部 2 年,,木,4,講義
251S1513,41,,,4,実解析学A,2,第1 ターム,渡邉 恵一,自然系（理）,50,理学部 3 ， 4 年,,火・金,1,講義
251S1514,41,,,4,複素解析学IA,1,第1 ターム,大井 志保,自然系（理）,50,理学部 3 ， 4 年,,金,2,講義
251S1515,41,,,4,代数系IA,1,第1 ターム,小島 秀雄,自然系（理）,70,理学部 3 ， 4 年,,月,2,講義
251S1516,41,,,4,幾何学IA,2,第1 ターム,折田 龍馬,自然系（理）,70,理学部 3 ， 4 年,,月・火,3 ・ 2,講義
251S1517,41,,,4,最適化数学A,1,第1 ターム,田中 環,自然系（理）,70,理学部 3 ， 4 年,,水,3,講義
251S1518,41,,,4,数理統計学IA,1,第1 ターム,未定,未定,70,理学部 3 ， 4 年,,集中,集中,講義
251S1519,41,,,4,数値解析A,1,第1 ターム,土屋 卓也,非常勤講師,50,理学部 3 ， 4 年,イ,月,4,講義
251S1520,41,,,4,プログラミング演習A,1,第1 ターム,齋藤 裕,ビッグデータアクティベーション研究センター,50,理学部 3 ， 4 年,,木,5,演習
252S1521,41,,,4,実解析学B,2,第 2 ターム,渡邉 恵一,自然系（理）,50,理学部 3 ， 4 年,,火・金,1,講義
251S1522,41,,,4,位相空間論A,1,第1 ターム,應和 宏樹,自然系（理）,70,理学部 3 ， 4 年,,木,3,講義
252S1523,41,,,4,位相空間論B,1,第 2 ターム,應和 宏樹,自然系（理）,70,理学部 3 ， 4 年,,木,3,講義
252S1524,41,,,4,複素解析学IB,1,第 2 ターム,大井 志保,自然系（理）,50,理学部 3 ， 4 年,,金,2,講義
252S1525,41,,,4,代数系IB,1,第 2 ターム,小島 秀雄,自然系（理）,70,理学部 3 ， 4 年,,月,2,講義
252S1526,41,,,4,幾何学IB,2,第 2 ターム,折田 龍馬,自然系（理）,70,理学部 3 ， 4 年,,月・火,3 ・ 2,講義
252S1527,41,,,4,最適化数学B,1,第 2 ターム,田中 環,自然系（理）,70,理学部 3 ， 4 年,,水,3,講義
252S1528,41,,,4,数理統計学IB,1,第 2 ターム,未定,未定,70,理学部 3 ， 4 年,,集中,集中,講義
252S1529,41,,,4,数値解析B,1,第 2 ターム,土屋 卓也,非常勤講師,50,理学部 3 ， 4 年,イ,月,4,講義
252S1530,41,,,4,プログラミング演習B,1,第 2 ターム,齋藤 裕,ビッグデータアクティベーション研究センター,50,理学部 3 ， 4 年,,木,5,演習
253S1531,41,,,4,複素解析学IIA,1,第 3 ターム,三浦 毅,自然系（理）,50,理学部 3 ， 4 年,,金,2,講義
253S1532,41,,,4,関数解析学A,1,第 3 ターム,渡邉 恵一,自然系（理）,50,理学部 3 ， 4 年,,月,2,講義
253S1533,41,,,4,代数系IIA,1,第 3 ターム,星 明考,自然系（理）,50,理学部 3 ， 4 年,,金,3,講義
253S1534,41,,,4,幾何学IIA,1,第 3 ターム,折田 龍馬,自然系（理）,70,理学部 3 ， 4 年,,月,3,講義
253S1536,41,,,4,凸解析学A,1,第 3 ターム,田中 環,自然系（理）,70,理学部 3 ， 4 年,,木,4,講義
253S1537,41,,,4,数理統計学IIA,1,第 3 ターム,未定,未定,70,理学部 3 ， 4 年,,集中,集中,講義
254S1539,41,,,4,複素解析学IIB,1,第 4 ターム,三浦 毅,自然系（理）,50,理学部 3 ， 4 年,,金,2,講義
254S1540,41,,,4,関数解析学B,1,第 4 ターム,渡邉 恵一,自然系（理）,50,理学部 3 ， 4 年,,月,2,講義
251S2538,43,,,4,統計力学IA,2,第1 ターム,吉森 明,自然系（理）,70,理学部 3 年,,月・水,3 ・ 2,講義・演習
252S2539,43,,,4,統計力学IB,2,第 2 ターム,吉森 明,自然系（理）,70,理学部 3 年,,月・水,3 ・ 2,講義・演習
253S2540,43,,,4,統計力学IIA,2,第 3 ターム,大野 義章,自然系（理）,70,理学部 3 年,,月,1 ・ 2,講義・演習
254S2541,43,,,4,統計力学IIB,2,第 4 ターム,大野 義章,自然系（理）,70,理学部 3 年,,月,1 ・ 2,講義・演習
251S2542,43,,,5,統計力学IIIA,1,第1 ターム,大野 義章,自然系（理）,50,理学部 4 年,,木,4,講義
252S2543,43,,,5,統計力学IIIB,1,第 2 ターム,吉森 明,自然系（理）,50,理学部 4 年,,木,4,講義
251S2544,43,,,5,一般相対論A,1,第1 ターム,渡辺 一也,自然系（理）,50,理学部 4 年,,水,3,講義
252S2545,43,,,5,一般相対論B,1,第 2 ターム,渡辺 一也,自然系（理）,50,理学部 4 年,,水,3,講義
250S2547,43,,,4,計算物理学B,2,第 3 ，4 ターム,江尻 信司,自然系（理）,50,理学部 3 年,,火,3,演習
250S2548,43,,,5,宇宙物理学,2,第1 ， 2ターム,西 亮一,自然系（理）,50,理学部 4 年,,金,2,講義
250S2549,43,,,5,原子核物理学,2,第1 ， 2ターム,小池 裕司,自然系（理）,50,理学部 4 年,,水,2,講義
250S2550,43,,,5,物性物理学,2,第1 ， 2ターム,大野 義章,自然系（理）,50,理学部 4 年,,火,2,講義
250S2551,43,,,5,素粒子物理学,2,第1 ， 2ターム,淺賀 岳彦,自然系（理）,50,理学部 4 年,,月,4,講義
250S2552,43,,,5,物理学特論I,1,集中,遠藤 晋平,非常勤講師,50,理学部 4 年,,他,他,講義
250S2553,43,,,5,物理学特論II,1,集中,青木 健一,非常勤講師,50,理学部 4 年,,他,他,講義
250S2554,43,,,5,物理学特論III,1,集中,黒木 和彦,非常勤講師,50,理学部 4 年,,他,他,講義
250S2555,43,,,5,物理学特論IV,1,集中,石井 勲,非常勤講師,50,理学部 4 年,,他,他,講義
250S2556,43,,,5,物理学特論V,1,集中,大向 一行,非常勤講師,50,理学部 4 年,,他,他,講義
250S2557,43,,,5,物理学特論VI,1,集中,横山 将志,非常勤講師,50,理学部 4 年,,他,他,講義
250S2558,43,,,14,現代物理学セミナーA,2,第 3 ，4 ターム,江尻 信司,自然系（理）,60,理学部 3 年,,火,5,講義
250S2559,43,,,14,現代物理学セミナーB,2,第 3 ，4 ターム,江尻 信司,自然系（理）,60,理学部 3 年,,水,2,講義
250S2560,43,,,4,電磁気学I（理）,2,第1 ， 2ターム,西 亮一,自然系（理）,70,理学部 2 年,,月,4,講義
250S2561,43,,,4,電磁気学II（理）,2,第 3 ，4 ターム,大村 彩子,自然系（理）,70,理学部 2 年,,月,5,講義
250S2562,43,,,4,電気力学,2,第1 ， 2ターム,西 亮一,自然系（理）,70,理学部 3 年,,金,4,講義
251S3501,46,,,03,無機化学Ⅱ,2,第1 ターム,後藤 真一,自然系（理）,60,理学部 2 年,,火・金,2,講義
251S3502,46,,,03,有機化学Ⅱ,2,第1 ターム,俣野 善博,自然系（理）,60,理学部 2 年,,月・木,1,講義
252S3503,46,,,03,化学統計力学Ⅰ,2,第 2 ターム,大鳥 範和,自然系（理）,60,理学部 2 年,,月・木,2,講義
253S3505,46,,,13,分析化学実験,2,第 3 ターム,佐藤 敬一,自然系（理）,50,理学部 2 年,,水・木,3 ・ 4,実験
254S3506,46,,,13,無機化学実験,2,第 4 ターム,後藤 真一,自然系（理）,50,理学部 2 年,,水・木,3 ・ 4,実験
250S3507,46,,,13,有機化学実験,2,第1 ， 2ターム,田山 英治,自然系（理）,40,理学部 3 年,,火,3 ・ 4,実験
250S3508,46,,,13,物理化学実験,2,第1 ， 2ターム,三浦 智明,自然系（理）,40,理学部 3 年,,水,3 ・ 4,実験
250S3509,46,,,13,生化学実験,2,第1 ， 2ターム,中馬 吉郎,自然系（理）,50,理学部 3 年,,木,3 ・ 4,実験
250S3510,46,,,14,分析化学演習,4,通年,佐藤 敬一,自然系（理）,3,理学部 4 年,,金,3,演習
250S3511,46,,,14,無機化学演習,4,通年,後藤 真一,自然系（理）,4,理学部 4 年,,火,3,演習
250S3512,46,,,14,有機化学演習,4,通年,俣野 善博,自然系（理）,12,理学部 4 年,,水,5,演習
250S3513,46,,,14,物理化学演習,4,通年,大鳥 範和,自然系（理）,6,理学部 4 年,,水,1,演習
250S3514,46,,,14,量子化学演習,4,通年,生駒 忠昭,自然系（理）,6,理学部 4 年,,金,1,演習
250S3515,46,,,14,生化学演習,4,通年,古川 和広,自然系（理）,6,理学部 4 年,,月,3 ・ 4,演習
250S3516,46,,,14,溶液化学演習,4,通年,梅林 泰宏,自然系（理）,4,理学部 4 年,,金,1,演習
253S3517,46,,,4,分析化学Ⅱ（R 2 年度以前入学者対象）,2,第 3 ターム,梅林 泰宏,自然系（理）,46,理学部 2 年,,月・木,月3 ，木 2,講義
250S3518,46,,,4,錯体化学（R 2 年度以前入学者対象）,2,集中,佐藤 敬一,自然系（理）,60,理学部 3 年,,他,他,講義
250S3519,46,,,4,放射化学（R 2 年度以前入学者対象）,2,集中,後藤 真一,自然系（理）,30,理学部 3 年,,他,他,講義
250S3520,46,,,03,有機化学Ⅲ,2,第 3 ，4 ターム,田山 英治,自然系（理）,60,理学部 2 年,,水,1,講義
251S3521,46,,,4,有機化学Ⅳ,2,第1 ターム,岩本 啓,自然系（理）,45,理学部 3 年,,火・金,2,講義
251S3523,46,,,03,化学反応論,2,第1 ターム,生駒 忠昭,自然系（理）,60,理学部 3 年,,月・木,1,講義
251S3524,46,,,4,化学統計力学Ⅱ,2,第1 ターム,丸山 健二,自然系（理）,60,理学部 3 年,,火・金,1,講義
254S3525,46,,,03,生体分子化学Ⅱ,2,第 4 ターム,中馬 吉郎,自然系（理）,60,理学部 2 年,,火・金,2,講義
250S3526,46,,,4,生体分子化学Ⅲ,2,第 3 ，4 ターム,古川 和広,自然系（理）,60,理学部 3 年,,火,3,講義
251S3527,46,,,03,基礎機器分析,2,第1 ターム,梅林 泰宏,自然系（理）,60,理学部 3 年,,月・木,2,講義
250S3528,46,,,4,有機機器分析,2,第1 ， 2ターム,俣野 善博,自然系（理）,60,理学部 3 年,,水,1,講義
250S3529,46,,,11,化学英語,2,第 3 ，4 ターム,丸山 健二,自然系（理）,46,理学部 3 年,,水,3,講義
253S3530,46,,,11,化学コロキウム,1,第 3 ターム,後藤 真一,自然系（理）,40,理学部 3 年,,他,他,講義
250S3531,46,,,5,化学特論Ⅱ（R 4 年度以前入学者対象）,1,集中,市川 隼人,非常勤講師,40,理学部 4 年,,他,他,講義
251S4521,57,,,13,細胞・遺伝学実習（R 2 年度以前入学者対象）,2,第1 ターム,西川 周一,自然系（理）,5,理学部 3 年,,他,他,実習
252S4522,57,,,13,動物分子生理学実習（R 2年度以前入学者対象）,2,第 2 ターム,杉本 健吉,自然系（理）,5,理学部 3 年,,他,他,実習
250S4523,57,,,13,臨海実習I,2,集中,安東 宏徳,佐渡自然共生科学センター,30,理学部・農学部 3 年,,他,他,実習
250S4524,57,,,14,生物学総合演習（R 2 年度以前入学者対象）,2,第 3 ，4 ターム,担当者未定（学務委員）,自然系（理）,30,理学部 3 年,,他,他,演習
250S4525,57,,,5,生物学特論 V,1,集中,深澤 壽太郎,非常勤講師,30,理学部 2 ， 3 ，4 年,,他,他,講義
250S4526,57,,,5,生物学特論 VI,1,集中,田中 良和,非常勤講師,30,理学部 2 ， 3 ，4 年,,他,他,講義
250S4528,57,,,14,生物化学演習,4,通年,長束 俊治,自然系（理）,5,理学部 4 年,,金,3,演習
250S4529,57,,,14,細胞生物学演習,4,通年,伊東 孝祐,自然系（理）,5,理学部 4 年,,金,2,演習
250S4530,57,,,14,発生生物学演習,4,通年,井筒 ゆみ,自然系（理）,5,理学部 4 年,,月,2,演習
250S4531,57,,,14,植物生理学演習,4,通年,西川 周一,自然系（理）,5,理学部 4 年,,月,3,演習
250S4532,57,,,14,植物生理学演習,4,通年,酒井 達也,自然系（理）,5,理学部 4 年,,月,2,演習
250S4533,57,,,14,内分泌学演習,4,通年,安東 宏徳,佐渡自然共生科学センター,5,理学部 4 年,,月,3,演習
250S4534,57,,,14,分子生物学演習,4,通年,杉本 健吉,自然系（理）,5,理学部 4 年,,月,3,演習
250S4535,77,,,15,課題研究I（生物学）,8,通年,担当者未定（ 生物学P長）,自然系（理）,30,理学部 4 年,,他,他,演習
250S4536,77,,,15,課題研究II（生物学）,4,第 3 ，4 ターム,担当者未定（ 生物学P長）,自然系（理）,30,理学部 4 年,,他,他,演習
252S4537,57,,,13,植物生理学実習（R 2 年度以前入学者対象）,2,第 2 ターム,酒井 達也・他,自然系（理）,5,理学部 3 年,,他,他,実習
253S4538,57,,,13,生物学実習 I（R 3 年度以降入学者対象）,2,第 3 ターム,担当者未定（学務委員）,自然系（理）,30,理学部 2 年,,火・水,3 ・ 4,実習
254S4539,57,,,13,生物学実習 II（R 3 年度以降入学者対象）,3,第 4 ターム,井筒 ゆみ,自然系（理）,30,理学部 2 年,,火・水,3 ・ 4・ 5,実習
250S4540,57,,,14,生物学総合演習,4,第 3 ，4 ターム,担当者未定（学務委員）,自然系（理）,30,理学部 3 年,,木,4,演習
250S4541,57,,,14,生物化学演習,4,通年,田﨑 英祐,自然系（理）,5,理学部 4 年,,月,2,演習
251S4542,57,,,13,生物学実習 Ⅲ（R 3 年度以降入学者対象）,3,第1 ターム,西川 周一,自然系（理）,30,理学部 3 年,,木・金,3 ・ 4・ 5,実習
252S4543,57,,,13,生物学実習 Ⅳ（R 3 年度以降入学者対象）,3,第 2 ターム,杉本 健吉,自然系（理）,30,理学部 3 年,,木・金,3 ・ 4・ 5,実習
254S4544,57,,,4,植物生理学,2,第 4 ターム,西川 周一,自然系（理）,50,理学部 2 年,,火・金,2,講義
253S4545,57,,,4,生体情報学Ⅰ,2,第 3 ターム,伊東 孝祐,自然系（理）,50,理学部 2 年,,月・木,1,講義
254S4546,57,70,,4,生物英語,2,第 4 ターム,伊東 孝祐,自然系（理）,50,理学部 2 年,,水,1 ・ 2,講義
252S4547,57,,,4,生物化学（理）,2,第 2 ターム,長束 俊治,自然系（理）,50,理学部 3 年,,火・金,2,講義
252S4548,57,,,4,生体情報学II,2,第 2 ターム,西川 周一,自然系（理）,50,理学部 3 年,,火・金,1,講義
250S4599,57,,,4,臨海実習II（他大学向け）,2,集中,安東 宏徳,佐渡自然共生科学センター,20,理学部,,他,他,実習
250S5501,44,,,13,地質調査法I,2,第1 ， 2ターム,栗原 敏之,自然系（理）,30,理学部 2 年,,火,3,講義
254S5502,44,,,13,地質調査法II,1,第 4 ターム,植田 勇人,自然系（理）,30,理学部 2 年,,火,3,講義
250S5503,44,,,13,地質調査法実習I,2,集中,栗原 敏之,自然系（理）,30,理学部 2 年,,他,他,実習
253S5504,44,,,13,地質調査法実習II,1,第 3 ターム,植田 勇人,自然系（理）,30,理学部 2 年,,火,3,実習
250S5505,44,,,13,地質調査法実習III,1,通年,植田 勇人,自然系（理）,30,理学部 3 年,,月,4,実習
253S5506,44,,,4,岩石学A,1,第 3 ターム,高澤 栄一,自然系（理）,30,理学部 2 年,,月,2,講義
250S5507,44,,,13,岩石学実験I,1,第 3 ，4 ターム,サティッシュクマール,自然系（理）,30,理学部 2 年,,金,2,実験
250S5508,44,,,4,テクトニクス,2,第 3 ，4 ターム,小林 健太,自然系（理）,30,理学部 2 年,,木,4,講義
253S5509,44,,,4,鉱物学A,1,第 3 ターム,小西 博巳,自然系（理）,30,理学部 2 年,,木,2,講義
253S5510,44,,,03,地層学A,1,第 3 ターム,栗原 敏之,自然系（理）,30,理学部 2 年,,火,2,講義
253S5511,44,,,03,古生物学A,1,第 3 ターム,栗原 敏之,自然系（理）,30,理学部 2 年,,火,4,講義
250S5512,44,,,13,野外実習A,4,通年,高橋 俊郎,自然系（理）,30,理学部 3 年,,月,3,実習
250S5513,44,,,13,野外実習B,2,集中,植田 勇人,自然系（理）,30,理学部 3 年,,他,他,実習
250S5514,44,,,13,論文講読演習,1,第 3 ，4 ターム,小林 健太,自然系（理）,30,理学部 3 年,,金,2,演習
251S5515,44,,,4,鉱物学B,1,第1 ターム,小西 博巳,自然系（理）,30,理学部 3 年,,木,3,講義
252S5516,44,,,4,鉱物学C,1,第 2 ターム,小西 博巳,自然系（理）,30,理学部 3 年,,木,2,講義
250S5517,44,,,13,鉱物結晶学実験,1,第 3 ，4 ターム,小西 博巳,自然系（理）,30,理学部 2 年,,木,3,実験
254S5518,44,,,4,岩石学B,1,第 4 ターム,植田 勇人,自然系（理）,30,理学部 2 年,,月,2,講義
251S5519,44,,,4,岩石学C,1,第1 ターム,サティッシュクマール,自然系（理）,30,理学部 3 年,,火,3,講義
250S5520,44,,,13,岩石学実験II,1,第1 ， 2ターム,高橋 俊郎,自然系（理）,30,理学部 3 年,,火,2,実験
253S5521,44,,,4,固体地球化学A,1,第 3 ターム,高橋 俊郎,自然系（理）,30,理学部 3 年,,火,2,講義
254S5522,44,,,4,固体地球化学B,1,第 4 ターム,高橋 俊郎,自然系（理）,30,理学部 3 年,,火,2,講義
250S5523,44,,,4,構造地質学,2,第1 ， 2ターム,豊島 剛志,非常勤講師,30,理学部 3 年,,木,1,講義
250S5524,44,,,13,地質構造解析法,1,第1 ， 2ターム,小林 健太,自然系（理）,30,理学部 3 年,,金,2,講義
250S5525,44,,,4,地球物理学,2,第 3 ，4 ターム,小林 健太,自然系（理）,30,理学部 3 年,,月,2,講義
253S7521,43,,,4,環境物理学,2,第 3 ターム,本田 明治,自然系（理）,60,理学部・農学部 2 年,,火・金,4,講義
254S7522,46,44,43,5,海洋化学,2,第 4 ターム,則末 和宏,自然系（理）,70,理学部・農学部 3 年,,月・木,1,講義
254S7523,57,,,5,水圏生態学,2,第 4 ターム,安東 宏徳・他,佐渡自然共生科学センター,40,理学部・農学部 3 年,イ,水,2 ・ 3,講義
251S7536,44,,,14,地形解析実習,2,第1 ターム,奈良間 千之,自然系（理）,20,理学部・農学部 3 年,,月・木,3 ・ 4,実習
250S7537,44,,,14,気象解析実習,2,第1 ， 2ターム,高橋 直也,自然系（理）,20,理学部・農学部 3 年,,火,4・ 5,実習
250S7538,44,,,14,地形フィールド実習,1,集中,奈良間 千之,自然系（理）,20,理学部・農学部 2 ， 3 年,,他,他,実習
250S7543,77,,,15,卒業論文,8,通年,本田 明治・他,自然系（理）,15,理学部（農学部以外） 4 年,,他,他,演習
253S7544,44,,,03,フィールド惑星科学概論,2,第 3 ターム,野口 里奈,自然系（理）,20,理学部・農学部 3 年,,月・木,1,講義
251G7012,70,,,02,英語基礎 L,1,第1 ターム,G. ケント,非常勤講師,20,全学部1 年,,月・木,2,演習
251G7013,70,,,02,英語基礎 L,1,第1 ターム,田中 敦,非常勤講師,20,全学部1 年,,月・木,3,演習
251G7014,70,,,02,英語基礎 L,1,第1 ターム,弥田 久美子,非常勤講師,20,全学部1 年,,月・木,3,演習
251G7015,70,,,02,英語基礎 L,1,第1 ターム,G. トゥーミー,非常勤講師,20,全学部1 年,,月・木,3,演習
251G7016,70,,,02,英語基礎 L,1,第1 ターム,G. アオキ,非常勤講師,20,全学部1 年,,月・木,3,演習
251G7017,70,,,02,英語基礎 L,1,第1 ターム,甲斐 義明,人文社会科学系（ 人文学部）,20,全学部1 年,イ,月・木,4,演習
251G7018,70,,,02,英語基礎 L,1,第1 ターム,弥田 久美子,非常勤講師,20,全学部1 年,,月・木,4,演習
251G7019,70,,,02,英語基礎 L,1,第1 ターム,J. フィコー,非常勤講師,20,全学部1 年,,月・木,4,演習
251G7020,70,,,02,英語基礎 L,1,第1 ターム,佐藤 愛子,非常勤講師,20,全学部1 年,,火・金,1,演習
251G7042,39,,,03,神経・生理心理学,2,第1 ターム,横山 仁史,人文社会科学系（ 人文学部）,50,人文学部・教育学部を優先,,金,3 ・ 4,講義
251G7046,31,,,03,歴史学I,2,第1 ターム,川西 裕也,人文社会科学系（ 大学院現代社会文化研究科）,80,全学部,,火,3 ・ 4,講義
251G7047,39,,,03,実験心理学と応用,2,第1 ターム,中嶋 豊,人文社会科学系（ 人文学部）,100,全学部,,金,3 ・ 4,講義
251G7049,10,,,03,メディアの記号論,2,第1 ターム,田中 敦,非常勤講師,150,全学部（理学部優先）,,月・木,4,講義
251G7056,29,,,03,日本古典文学O,2,第1 ターム,阿部 亮太,人文社会科学系（ 教育学部）,100,全学部,,金,1 ・ 2,講義
252G7032,70,,,02,英語基礎 R,1,第 2 ターム,G. ケント,非常勤講師,20,全学部1 年,,月・木,2,演習
252G7033,70,,,02,英語基礎 R,1,第 2 ターム,田中 敦,非常勤講師,20,全学部1 年,,月・木,3,演習
252G7034,70,,,02,英語基礎 R,1,第 2 ターム,弥田 久美子,非常勤講師,20,全学部1 年,,月・木,3,演習
252G7035,70,,,02,英語基礎 R,1,第 2 ターム,G. トゥーミー,非常勤講師,20,全学部1 年,,月・木,3,演習
252G7036,70,,,02,英語基礎 R,1,第 2 ターム,G. アオキ,非常勤講師,20,全学部1 年,,月・木,3,演習
252G7037,70,,,02,英語基礎 R,1,第 2 ターム,本間 多香子,非常勤講師,20,全学部1 年,,月・木,4,演習
252G7038,70,,,02,英語基礎 R,1,第 2 ターム,弥田 久美子,非常勤講師,20,全学部1 年,,月・木,4,演習
252G7039,70,,,02,英語基礎 R,1,第 2 ターム,J. フィコー,非常勤講師,20,全学部1 年,,月・木,4,演習
252G7040,70,,,02,英語基礎 R,1,第 2 ターム,佐藤 愛子,非常勤講師,20,全学部1 年,,火・金,1,演習
252G7043,29,,,03,日本古典文学K,2,第 2 ターム,廣部 俊也,人文社会科学系（ 人文学部）,100,全学部,,火・金,2,講義
252G7051,30,,,03,技術日本語演習,2,第 2 ターム,飯島 淳彦,自然科学系（工学部）,75,工学部人間支援感性科学プログラム 3 年生を主とした全学部,,水,3 ・ 4,演習
252G7052,33,,,03,現代日本と伝統文化,2,第 2 ターム,小野 博史,非常勤講師,150,全学部（理学部優先）,,火,3 ・ 4,講義
252G7055,99,,,03,人文系フロンティアa,4,第 2 ターム,森 貴教・他,人文社会科学系（ 人文学部）,200,人文学部 1 年生を優先して，他学部,,月,4,講義
252G7055,99,,,03,人文系フロンティアb,4,第 2 ターム,森 貴教・他,人文社会科学系（ 人文学部）,200,人文学部 1 年生を優先して，他学部,,火,4,講義
252G7055,99,,,03,人文系フロンティアc,4,第 2 ターム,森 貴教・他,人文社会科学系（ 人文学部）,200,人文学部 1 年生を優先して，他学部,,木,4,講義
252G7055,99,,,03,人文系フロンティアd,4,第 2 ターム,森 貴教・他,人文社会科学系（ 人文学部）,200,人文学部 1 年生を優先して，他学部,,金,4,講義
252G7058,31,,,03,歴史学Q,2,第 2 ターム,山内 民博,人文社会科学系（ 人文学部）,150,全学部,,月,1 ・ 2,講義
250G7001,70,,,02,英語基礎 L,1,第1 ， 2ターム,H. ダービシャー,非常勤講師,20,全学部1 年,,水,1,演習
250G7002,70,,,02,英語基礎 L,1,第1 ， 2ターム,M. スーマ,非常勤講師,20,全学部1 年,イ,水,5,演習
250G7003,70,,,02,英語基礎 L,1,第1 ， 2ターム,L. レイサム,非常勤講師,20,全学部1 年,イ,月,1,演習
250G7004,70,,,02,英語基礎 L,1,第1 ， 2ターム,C. ハンナ,人文社会科学系（ 教育学部）,20,全学部1 年,,金,3,演習
250G7005,70,,,02,英語基礎 L,1,第1 ， 2ターム,G. デロシェ,非常勤講師,20,全学部1 年,,火,3,演習
250G7006,70,,,02,英語基礎 L,1,第1 ， 2ターム,B. ムリノス,非常勤講師,20,全学部1 年,,火,4,演習
250G7007,70,,,02,英語基礎 L,1,第1 ， 2ターム,L. レイサム,非常勤講師,20,全学部1 年,,火,4,演習
250G7008,70,,,02,英語基礎 L,1,第1 ， 2ターム,G. ディック,非常勤講師,20,全学部1 年,,木,4,演習
250G7009,70,,,02,英語基礎 L,1,第1 ， 2ターム,L. レイサム,非常勤講師,20,全学部1 年,,火,5,演習
250G7010,70,,,02,英語基礎 L,1,第1 ， 2ターム,J. フィコー,非常勤講師,20,全学部1 年,,金,2,演習
250G7011,70,,,02,英語基礎 L,1,第1 ， 2ターム,J. フィコー,非常勤講師,20,全学部1 年,,水,3,演習
250G7021,70,,,02,英語基礎 R,1,第1 ， 2ターム,弥田 久美子,非常勤講師,20,全学部1 年,,水,5,演習
250G7022,70,,,02,英語基礎 R,1,第1 ， 2ターム,弥田 久美子,非常勤講師,20,全学部1 年,,水,4,演習
250G7023,70,,,02,英語基礎 R,1,第1 ， 2ターム,本間 多香子,非常勤講師,20,全学部1 年,,月,1,演習
250G7024,70,,,02,英語基礎 R,1,第1 ， 2ターム,山崎 祥子,非常勤講師,20,全学部1 年,,水,1,演習
250G7025,70,,,02,英語基礎 R,1,第1 ， 2ターム,山崎 祥子,非常勤講師,20,全学部1 年,,火,2,演習
250G7026,70,,,02,英語基礎 R,1,第1 ， 2ターム,L. レイサム,非常勤講師,20,全学部1 年,,火,3,演習
250G7027,70,,,02,英語基礎 R,1,第1 ， 2ターム,G. ディック,非常勤講師,20,全学部1 年,,火,4,演習
251G7064,34,,,03,リーガル・システムA,2,第1 ターム,林 滉起・他,人文社会科学系（ 法学部）,240,法学部,,水,3 ・ 4,講義
252G7067,34,,,03,人文社会科学入門（法学）,2,第1 ターム,林 滉起・他,人文社会科学系（ 法学部）,240,法学部,,水,3 ・ 4,講義
251G7070,34,,,03,日本国憲法,2,第1 ターム,関 雅夫,非常勤講師,250,理・経済・医（ 医学科）・農学部,,月,1 ・ 2,講義
252G7063,34,,,03,国際関係入門,2,第 2 ターム,渡辺 豊,人文社会科学系（ 法学部）,250,全学部（法学部を除く）,,月・木,4,講義
252G7065,34,,,03,リーガル・システム,2,第 2 ターム,今本 啓介・他,人文社会科学系（ 法学部）,240,法学部,,月・木,4,講義
252G7066,34,,,03,リーガル・システムB,2,第 2 ターム,今本 啓介・他,人文社会科学系（ 法学部）,240,法学部,,月・木,4,講義
252G7071,34,,,03,日本国憲法,2,第 2 ターム,関 雅夫,非常勤講師,250,工・農学部,,月,1 ・ 2,講義
250G7068,34,,,03,日本国憲法,2,第1 ， 2ターム,海藤 隆之,非常勤講師,250,人文・歯学部,,水,4,講義
250G7069,34,,,03,日本国憲法,2,第1 ， 2ターム,小久保 智淳,非常勤講師,450,全学部（ 法学部生以外を優先する）,ロ,他,他,講義
253G7537,34,,,03,死因究明と法,2,第 3 ターム,宮森 征司・他,人文社会科学系（ 法学部）,500,法学部・医学部（医学科）,ロ,金,3 ・ 4,講義
253G7540,34,,,03,日本国憲法,2,第 3 ターム,関 雅夫,非常勤講師,250,教育・医（保健学科）・工学部,,月,1 ・ 2,講義
254G7541,34,,,03,日本国憲法,2,第 4 ターム,関 雅夫,非常勤講師,250,教育・理・医（保健学科）・工・経済科学・農学部,,月,1 ・ 2,講義
250G7538,34,,,03,日本国憲法,2,第 3 ，4 ターム,里見 佳香,非常勤講師,100,全学部（ 法学部生以外を優先する）,,月,3,講義
250G7539,34,,,03,日本国憲法,2,第 3 ，4 ターム,髙橋 史則,非常勤講師,450,全学部（ 法学部生以外を 優先する）,ロ,他,他,講義
251G7072,37,,,03,組織マネジメント論,2,第1 ターム,堀籠 崇,人文社会科学系（ 創 生学部）,160,全学部1 ・ 2 年,,木,3 ・ 4,講義
252G8002,80,,,13,はじめての医学,1,第 2 ターム,岡崎 史子,医歯学系（ 大学院医歯学総合研究科（医））,140,医学部（医学科） 1 年,,月,1,講義
250G8001,81,,,4,医学論文を読む（ジャーナルクラブ）A,2,第1 ， 2ターム,医学科学務委員会,医歯学系（ 医学部医学科）,140,医学部（医学科） 1 年,,指定する曜日,5,演習
250G8003,81,,,03,医学序説 I,2,第1 ， 2ターム,医学科学務委員会,医歯学系（ 医学部医学科）,170,医学部（医学科優先）・他,,木,3,講義
250G8004,80,,,03,先端医科学研究概説,2,第1 ， 2ターム,奥田 修二郎・他,医歯学系（ 医学部医学科）,120,自然系学部（ 1～ 4 年次），医学部（医学科 1 年次）自然系学部 1 ～ 4 年，医学部（医学科） 1 年,,月,5,講義
254G8501,82,,,03,原子力と倫理,1,第 4 ターム,宮坂 道夫・他,医歯学系（ 医学部保健学科）,140,全学部,,金,3,講義
250G8502,81,,,4,医学論文を読む（ジャーナルクラブ）B,2,第 3 ，4 ターム,医学科学務委員会,医歯学系（ 医学部医学科）,140,医学部（医学科） 1 年,,指定する曜日,5,演習
250G8503,81,,,03,医学序説 II,2,第 3 ，4 ターム,医学科学務委員会,医歯学系（ 医学部医学科）,130,全学部｛ 医学部（ 医学科）を除く｝,,月,4,講義
250G8504,81,,,03,健康と医学,2,第 3 ，4 ターム,黒田 毅・他,保健管理センター,200,全学部,,水,4,講義
250G8901,81,,,03,原子力災害医療体制,1,第1 学期,西山 慶,医歯学系（ 大学院医歯学総合研究科（医））,20,全学部,,集中,集中,講義・実習
250G8902,81,,,03,災害医療ロジスティクス,1,第 2 学期,高橋 昌,医歯学系（ 大学院医歯学総合研究科（医））,140,全学部,,集中,集中,講義
250G8903,81,,,03,災害医療概論,1,第 2 学期,高橋 昌,医歯学系（ 大学院医 歯学総合研究科（医））,140,全学部,,集中,集中,講義
251G8005,90,,,03,｢食べる｣,2,第1 ターム,早﨑 治明・他,医歯学系（歯学部）,50,全学部,,火,3 ・ 4,講義
252G8006,92,,,13,PBL入門,1,第 2 ターム,小野 和宏・他,医歯学系（歯学部）,50,歯学部（歯学科） 3 年,,月,3 ・ 4,講義・演習
252G8007,86,,,03,健康福祉学入門,2,第 2 ターム,黒川 孝一・他,医歯学系（歯学部）,100,全学部,イ,水,1 ・ 2,講義
253G8506,75,86,,03,新潟発福祉学,2,第 3 ターム,米澤 大輔・他,医歯学系（歯学部）,100,全学部,,水,3 ・ 4,講義
250G8505,90,,,03,顔,2,第 3 ，4 ターム,丹原 惇・他,医歯学系（歯学部）,150,全学部,,火,4,講義
